Price,Close
Ticker,SPY
Date,
2018-01-02,237.208251953125
2018-01-03,238.7086181640625
2018-01-04,239.71470642089844
2018-01-05,241.31211853027344
2018-01-08,241.75350952148438
2018-01-09,242.30067443847656
2018-01-10,241.9299774169922
2018-01-11,243.695068359375
2018-01-12,245.2837371826172
2018-01-16,244.44534301757812
2018-01-17,246.77525329589844
2018-01-18,246.36045837402344
2018-01-19,247.4813690185547
2018-01-22,249.49362182617188
2018-01-23,250.0231170654297
2018-01-24,249.92601013183594
2018-01-25,250.03196716308594
2018-01-26,252.9266815185547
2018-01-29,251.24990844726562
2018-01-30,248.6728057861328
2018-01-31,248.79635620117188
2018-02-01,248.513916015625
2018-02-02,243.10377502441406
2018-02-05,232.93655395507812
2018-02-06,237.5260009765625
2018-02-07,236.2374267578125
2018-02-08,227.3763885498047
2018-02-09,230.79197692871094
2018-02-12,234.1810760498047
2018-02-13,234.76348876953125
2018-02-14,237.93191528320312
2018-02-15,240.968017578125
2018-02-16,241.03854370117188
2018-02-20,239.52938842773438
2018-02-21,238.33787536621094
2018-02-22,238.64675903320312
2018-02-23,242.45065307617188
2018-02-26,245.26605224609375
2018-02-27,242.20350646972656
2018-02-28,239.75003051757812
2018-03-01,236.26388549804688
2018-03-02,237.48175048828125
2018-03-05,240.22662353515625
2018-03-06,240.83560180664062
2018-03-07,240.7473602294922
2018-03-08,241.91226196289062
2018-03-09,246.12225341796875
2018-03-12,245.81320190429688
2018-03-13,244.22467041015625
2018-03-14,242.97142028808594
2018-03-15,242.70664978027344
2018-03-16,242.9698486328125
2018-03-19,239.6823272705078
2018-03-20,240.0900421142578
2018-03-21,239.629150390625
2018-03-22,233.63917541503906
2018-03-23,228.65924072265625
2018-03-26,234.9150848388672
2018-03-27,230.91879272460938
2018-03-28,230.23646545410156
2018-03-29,233.17831420898438
2018-04-02,228.14529418945312
2018-04-03,231.06939697265625
2018-04-04,233.54165649414062
2018-04-05,235.38475036621094
2018-04-06,230.13900756835938
2018-04-09,231.2732391357422
2018-04-10,234.95053100585938
2018-04-11,233.7188720703125
2018-04-12,235.64169311523438
2018-04-13,234.95053100585938
2018-04-16,236.8822479248047
2018-04-17,239.41651916503906
2018-04-18,239.59373474121094
2018-04-19,238.2646026611328
2018-04-20,236.24424743652344
2018-04-23,236.20887756347656
2018-04-24,233.0277557373047
2018-04-25,233.603759765625
2018-04-26,235.97840881347656
2018-04-27,236.19996643066406
2018-04-30,234.3834686279297
2018-05-01,234.7999267578125
2018-05-02,233.22264099121094
2018-05-03,232.70870971679688
2018-05-04,235.72149658203125
2018-05-07,236.5189666748047
2018-05-08,236.5189666748047
2018-05-09,238.8050994873047
2018-05-10,241.03811645507812
2018-05-11,241.77359008789062
2018-05-14,241.88877868652344
2018-05-15,240.22288513183594
2018-05-16,241.2330322265625
2018-05-17,241.02932739257812
2018-05-18,240.42672729492188
2018-05-21,242.23426818847656
2018-05-22,241.5608673095703
2018-05-23,242.2254638671875
2018-05-24,241.7292938232422
2018-05-25,241.1532745361328
2018-05-29,238.3797607421875
2018-05-30,241.5608673095703
2018-05-31,240.08106994628906
2018-06-01,242.438232421875
2018-06-04,243.58999633789062
2018-06-05,243.76736450195312
2018-06-06,245.80532836914062
2018-06-07,245.77879333496094
2018-06-08,246.50538635253906
2018-06-11,246.83326721191406
2018-06-12,247.15223693847656
2018-06-13,246.36361694335938
2018-06-14,246.98394775390625
2018-06-15,246.66885375976562
2018-06-18,246.161376953125
2018-06-19,245.2179412841797
2018-06-20,245.63629150390625
2018-06-21,244.09645080566406
2018-06-22,244.54144287109375
2018-06-25,241.21255493164062
2018-06-26,241.7466278076172
2018-06-27,239.74391174316406
2018-06-28,241.11468505859375
2018-06-29,241.46180725097656
2018-07-02,241.97799682617188
2018-07-03,241.12355041503906
2018-07-05,243.09060668945312
2018-07-06,245.1467742919922
2018-07-09,247.3540802001953
2018-07-10,248.24420166015625
2018-07-11,246.42848205566406
2018-07-12,248.6625518798828
2018-07-13,248.85842895507812
2018-07-16,248.6358184814453
2018-07-17,249.6417236328125
2018-07-18,250.166748046875
2018-07-19,249.22332763671875
2018-07-20,248.9384765625
2018-07-23,249.40138244628906
2018-07-24,250.65628051757812
2018-07-25,252.7925262451172
2018-07-26,252.19610595703125
2018-07-27,250.48721313476562
2018-07-30,249.17881774902344
2018-07-31,250.4070587158203
2018-08-01,249.98878479003906
2018-08-02,251.3506317138672
2018-08-03,252.42758178710938
2018-08-06,253.353271484375
2018-08-07,254.1900177001953
2018-08-08,254.08319091796875
2018-08-09,253.73599243164062
2018-08-10,252.03591918945312
2018-08-13,251.09254455566406
2018-08-14,252.69464111328125
2018-08-15,250.8075714111328
2018-08-16,252.8370819091797
2018-08-17,253.72714233398438
2018-08-20,254.2700958251953
2018-08-21,254.866455078125
2018-08-22,254.7151641845703
2018-08-23,254.37689208984375
2018-08-24,255.90782165527344
2018-08-27,257.9283752441406
2018-08-28,258.05303955078125
2018-08-29,259.4415283203125
2018-08-30,258.39117431640625
2018-08-31,258.4000244140625
2018-09-04,257.9549865722656
2018-09-05,257.2607727050781
2018-09-06,256.486328125
2018-09-07,255.9879608154297
2018-09-10,256.4329833984375
2018-09-11,257.278564453125
2018-09-12,257.3407897949219
2018-09-13,258.86285400390625
2018-09-14,258.90740966796875
2018-09-17,257.5367431640625
2018-09-18,258.9340515136719
2018-09-19,259.21002197265625
2018-09-20,261.3106689453125
2018-09-21,261.0719299316406
2018-09-24,260.20452880859375
2018-09-25,259.96319580078125
2018-09-26,259.1853942871094
2018-09-27,259.90948486328125
2018-09-28,259.93634033203125
2018-10-01,260.8394775390625
2018-10-02,260.6873779296875
2018-10-03,260.83050537109375
2018-10-04,258.7918701171875
2018-10-05,257.3434143066406
2018-10-08,257.3434143066406
2018-10-09,256.9679870605469
2018-10-10,248.83151245117188
2018-10-11,243.3505859375
2018-10-12,246.7303466796875
2018-10-15,245.34445190429688
2018-10-16,250.7091522216797
2018-10-17,250.75390625
2018-10-18,247.1327362060547
2018-10-19,246.99859619140625
2018-10-22,245.88986206054688
2018-10-23,244.63809204101562
2018-10-24,237.2259521484375
2018-10-25,241.4818572998047
2018-10-26,237.23483276367188
2018-10-29,235.9204559326172
2018-10-30,239.41650390625
2018-10-31,241.9736328125
2018-11-01,244.54873657226562
2018-11-02,243.1002197265625
2018-11-05,244.44142150878906
2018-11-06,245.9882354736328
2018-11-07,251.25454711914062
2018-11-08,250.79859924316406
2018-11-09,248.34877014160156
2018-11-12,243.70828247070312
2018-11-13,243.25222778320312
2018-11-14,241.58920288085938
2018-11-15,244.110595703125
2018-11-16,244.74542236328125
2018-11-19,240.6056671142578
2018-11-20,236.15301513671875
2018-11-21,236.9576873779297
2018-11-23,235.3750457763672
2018-11-26,239.17507934570312
2018-11-27,239.97976684570312
2018-11-28,245.50543212890625
2018-11-29,244.968994140625
2018-11-30,246.46205139160156
2018-12-03,249.72561645507812
2018-12-04,241.63388061523438
2018-12-06,241.267333984375
2018-12-07,235.6612548828125
2018-12-10,236.10829162597656
2018-12-11,236.16188049316406
2018-12-12,237.35108947753906
2018-12-13,237.27064514160156
2018-12-14,232.88946533203125
2018-12-17,228.32057189941406
2018-12-18,228.0702362060547
2018-12-19,224.65472412109375
2018-12-20,220.99778747558594
2018-12-21,216.46963500976562
2018-12-24,210.74990844726562
2018-12-26,221.39801025390625
2018-12-27,223.0977325439453
2018-12-28,222.8099365234375
2018-12-31,224.76150512695312
2019-01-02,224.99533081054688
2019-01-03,219.62631225585938
2019-01-04,226.9828643798828
2019-01-07,228.7725372314453
2019-01-08,230.92189025878906
2019-01-09,232.00115966796875
2019-01-10,232.8195343017578
2019-01-11,232.90948486328125
2019-01-14,231.488525390625
2019-01-15,234.1415557861328
2019-01-16,234.70816040039062
2019-01-17,236.48875427246094
2019-01-18,239.6365509033203
2019-01-22,236.39892578125
2019-01-23,236.89358520507812
2019-01-24,237.01942443847656
2019-01-25,239.0249481201172
2019-01-28,237.20828247070312
2019-01-29,236.89358520507812
2019-01-30,240.64369201660156
2019-01-31,242.75718688964844
2019-02-01,242.8740692138672
2019-02-04,244.58277893066406
2019-02-05,245.6080322265625
2019-02-06,245.28424072265625
2019-02-07,242.94601440429688
2019-02-08,243.24282836914062
2019-02-11,243.37770080566406
2019-02-12,246.50732421875
2019-02-13,247.30780029296875
2019-02-14,246.7592315673828
2019-02-15,249.44825744628906
2019-02-19,249.87994384765625
2019-02-20,250.38356018066406
2019-02-21,249.49310302734375
2019-02-22,251.0399932861328
2019-02-25,251.3817901611328
2019-02-26,251.2018585205078
2019-02-27,251.09402465820312
2019-02-28,250.62637329101562
2019-03-01,252.1912384033203
2019-03-04,251.27386474609375
2019-03-05,250.93212890625
2019-03-06,249.4122772216797
2019-03-07,247.32577514648438
2019-03-08,246.83106994628906
2019-03-11,250.41050720214844
2019-03-12,251.3548126220703
2019-03-13,253.01858520507812
2019-03-14,252.8567352294922
2019-03-15,254.10589599609375
2019-03-18,255.02735900878906
2019-03-19,255.0904998779297
2019-03-20,254.3227996826172
2019-03-21,257.1952209472656
2019-03-22,252.2451171875
2019-03-25,252.05540466308594
2019-03-26,253.93434143066406
2019-03-27,252.6064910888672
2019-03-28,253.56410217285156
2019-03-29,255.1627197265625
2019-04-01,258.18890380859375
2019-04-02,258.31536865234375
2019-04-03,258.7218322753906
2019-04-04,259.4082946777344
2019-04-05,260.663818359375
2019-04-08,260.8625793457031
2019-04-09,259.5257263183594
2019-04-10,260.4109802246094
2019-04-11,260.3386535644531
2019-04-12,262.1001892089844
2019-04-15,261.928466796875
2019-04-16,262.1001892089844
2019-04-17,261.4587707519531
2019-04-18,261.9736328125
2019-04-22,262.1994934082031
2019-04-23,264.5570983886719
2019-04-24,263.9698791503906
2019-04-25,263.807373046875
2019-04-26,265.0358581542969
2019-04-29,265.4513244628906
2019-04-30,265.5868225097656
2019-05-01,263.5904846191406
2019-05-02,263.021484375
2019-05-03,265.5958557128906
2019-05-06,264.50286865234375
2019-05-07,260.08575439453125
2019-05-08,259.7243957519531
2019-05-09,258.9385681152344
2019-05-10,260.2393798828125
2019-05-13,253.69944763183594
2019-05-14,255.9938201904297
2019-05-15,257.49322509765625
2019-05-16,259.8780517578125
2019-05-17,258.1979064941406
2019-05-20,256.49072265625
2019-05-21,258.8030700683594
2019-05-22,258.0081481933594
2019-05-23,254.85569763183594
2019-05-24,255.433837890625
2019-05-28,253.0581512451172
2019-05-29,251.35987854003906
2019-05-30,252.04640197753906
2019-05-31,248.6500701904297
2019-06-03,248.01779174804688
2019-06-04,253.4013671875
2019-06-05,255.59637451171875
2019-06-06,257.2584533691406
2019-06-07,259.83282470703125
2019-06-10,261.02520751953125
2019-06-11,260.9620666503906
2019-06-12,260.50128173828125
2019-06-13,261.5762023925781
2019-06-14,261.28717041015625
2019-06-17,261.386474609375
2019-06-18,264.1235046386719
2019-06-19,264.71966552734375
2019-06-20,267.2489013671875
2019-06-21,266.8603820800781
2019-06-24,266.5336608886719
2019-06-25,263.91949462890625
2019-06-26,263.65625
2019-06-27,264.59124755859375
2019-06-28,265.9527282714844
2019-07-01,268.3671569824219
2019-07-02,269.06610107421875
2019-07-03,271.21728515625
2019-07-05,270.9086608886719
2019-07-08,269.4200744628906
2019-07-09,269.7559814453125
2019-07-10,271.04486083984375
2019-07-11,271.6802062988281
2019-07-12,272.8965759277344
2019-07-15,272.9873046875
2019-07-16,272.1068420410156
2019-07-17,270.25518798828125
2019-07-18,271.24456787109375
2019-07-19,269.73779296875
2019-07-22,270.4003601074219
2019-07-23,272.3337707519531
2019-07-24,273.6136169433594
2019-07-25,272.3064270019531
2019-07-26,274.1309509277344
2019-07-29,273.6317443847656
2019-07-30,272.9600524902344
2019-07-31,269.9737243652344
2019-08-01,267.6228942871094
2019-08-02,265.6077880859375
2019-08-05,257.62017822265625
2019-08-06,261.2327575683594
2019-08-07,261.38702392578125
2019-08-08,266.5155334472656
2019-08-09,264.70013427734375
2019-08-12,261.4778137207031
2019-08-13,265.54425048828125
2019-08-14,257.6927795410156
2019-08-15,258.37347412109375
2019-08-16,262.185791015625
2019-08-19,265.3446044921875
2019-08-20,263.311279296875
2019-08-21,265.45355224609375
2019-08-22,265.37176513671875
2019-08-23,258.5550231933594
2019-08-26,261.4142761230469
2019-08-27,260.3885498046875
2019-08-28,262.2221984863281
2019-08-29,265.57147216796875
2019-08-30,265.45355224609375
2019-09-03,263.9013366699219
2019-09-04,266.8966979980469
2019-09-05,270.3277587890625
2019-09-06,270.5365905761719
2019-09-09,270.67266845703125
2019-09-10,270.60919189453125
2019-09-11,272.533447265625
2019-09-12,273.47747802734375
2019-09-13,273.2958984375
2019-09-16,272.4517517089844
2019-09-17,273.1416320800781
2019-09-18,273.304931640625
2019-09-19,273.2867431640625
2019-09-20,271.99566650390625
2019-09-23,271.93182373046875
2019-09-24,269.79803466796875
2019-09-25,271.39385986328125
2019-09-26,270.82843017578125
2019-09-27,269.369384765625
2019-09-30,270.61859130859375
2019-10-01,267.3997802734375
2019-10-02,262.6761169433594
2019-10-03,264.8282165527344
2019-10-04,268.4118957519531
2019-10-07,267.2538146972656
2019-10-08,263.1048278808594
2019-10-09,265.60333251953125
2019-10-10,267.3997802734375
2019-10-11,270.1718444824219
2019-10-14,269.87091064453125
2019-10-15,272.5426940917969
2019-10-16,272.1050720214844
2019-10-17,272.907470703125
2019-10-18,271.71295166015625
2019-10-21,273.554931640625
2019-10-22,272.6612854003906
2019-10-23,273.4546203613281
2019-10-24,273.9014587402344
2019-10-25,275.0230712890625
2019-10-28,276.57330322265625
2019-10-29,276.4912109375
2019-10-30,277.3392028808594
2019-10-31,276.6006164550781
2019-11-01,279.1629638671875
2019-11-04,280.28466796875
2019-11-05,279.97454833984375
2019-11-06,280.03839111328125
2019-11-07,281.02313232421875
2019-11-08,281.71624755859375
2019-11-11,281.17822265625
2019-11-12,281.77099609375
2019-11-13,281.86212158203125
2019-11-14,282.27252197265625
2019-11-15,284.3150939941406
2019-11-18,284.5248107910156
2019-11-19,284.4427185058594
2019-11-20,283.38494873046875
2019-11-21,282.9290771484375
2019-11-22,283.5581970214844
2019-11-25,285.755859375
2019-11-26,286.4033203125
2019-11-27,287.679931640625
2019-11-29,286.613037109375
2019-12-02,284.1783447265625
2019-12-03,282.27252197265625
2019-12-04,284.0142517089844
2019-12-05,284.5248107910156
2019-12-06,287.1236877441406
2019-12-09,286.2209777832031
2019-12-10,285.9017028808594
2019-12-11,286.71331787109375
2019-12-12,289.1844787597656
2019-12-13,289.35784912109375
2019-12-16,291.3456726074219
2019-12-17,291.4095458984375
2019-12-18,291.427734375
2019-12-19,292.6223449707031
2019-12-20,293.9052429199219
2019-12-23,294.3542175292969
2019-12-24,294.3633728027344
2019-12-26,295.9303894042969
2019-12-27,295.8570251464844
2019-12-30,294.2259521484375
2019-12-31,294.940673828125
2020-01-02,297.698974609375
2020-01-03,295.4447326660156
2020-01-06,296.5719299316406
2020-01-07,295.7379455566406
2020-01-08,297.3141784667969
2020-01-09,299.330078125
2020-01-10,298.46875
2020-01-13,300.5214538574219
2020-01-14,300.0632019042969
2020-01-15,300.7413635253906
2020-01-16,303.2430114746094
2020-01-17,304.186767578125
2020-01-21,303.5911560058594
2020-01-22,303.6278076171875
2020-01-23,303.97607421875
2020-01-24,301.2727966308594
2020-01-27,296.4434814453125
2020-01-28,299.5500183105469
2020-01-29,299.30267333984375
2020-01-30,300.27392578125
2020-01-31,294.82159423828125
2020-02-03,297.0116882324219
2020-02-04,301.5384826660156
2020-02-05,305.020751953125
2020-02-06,306.04705810546875
2020-02-07,304.4158935546875
2020-02-10,306.68853759765625
2020-02-11,307.2201232910156
2020-02-12,309.1993713378906
2020-02-13,308.8695068359375
2020-02-14,309.36431884765625
2020-02-18,308.5670471191406
2020-02-19,310.0423278808594
2020-02-20,308.7686462402344
2020-02-21,305.5888366699219
2020-02-24,295.4539489746094
2020-02-25,286.5010070800781
2020-02-26,285.4471740722656
2020-02-27,272.6273498535156
2020-02-28,271.4818115234375
2020-03-02,283.23883056640625
2020-03-03,275.12890625
2020-03-04,286.6933898925781
2020-03-05,277.1632995605469
2020-03-06,272.5815124511719
2020-03-09,251.29434204101562
2020-03-10,264.29754638671875
2020-03-11,251.4134521484375
2020-03-12,227.35894775390625
2020-03-13,246.79495239257812
2020-03-16,219.7897491455078
2020-03-17,231.65670776367188
2020-03-18,219.92721557617188
2020-03-19,220.39456176757812
2020-03-20,210.89682006835938
2020-03-23,205.50460815429688
2020-03-24,224.1239471435547
2020-03-25,227.47911071777344
2020-03-26,240.76156616210938
2020-03-27,233.59036254882812
2020-03-30,241.1763916015625
2020-03-31,237.58154296875
2020-04-01,226.8892364501953
2020-04-02,232.1248016357422
2020-04-03,228.7696075439453
2020-04-06,244.13519287109375
2020-04-07,244.38412475585938
2020-04-08,252.5877227783203
2020-04-09,256.4314270019531
2020-04-13,254.09014892578125
2020-04-14,261.583984375
2020-04-15,256.02587890625
2020-04-16,257.260986328125
2020-04-17,264.2109375
2020-04-20,259.55615234375
2020-04-21,251.67507934570312
2020-04-22,257.260986328125
2020-04-23,257.2425842285156
2020-04-24,260.8281555175781
2020-04-27,264.5888977050781
2020-04-28,263.37213134765625
2020-04-29,270.266845703125
2020-04-30,267.7504577636719
2020-05-01,260.66229248046875
2020-05-04,261.3812255859375
2020-05-05,263.796142578125
2020-05-06,262.0079345703125
2020-05-07,265.16949462890625
2020-05-08,269.5571594238281
2020-05-11,269.6124572753906
2020-05-12,264.2386169433594
2020-05-13,259.56536865234375
2020-05-14,262.6716003417969
2020-05-15,263.879150390625
2020-05-18,271.9167175292969
2020-05-19,269.12396240234375
2020-05-20,273.6958312988281
2020-05-21,271.80621337890625
2020-05-22,272.32232666015625
2020-05-26,275.6775817871094
2020-05-27,279.7793884277344
2020-05-28,279.26318359375
2020-05-29,280.50762939453125
2020-06-01,281.6412353515625
2020-06-02,283.9732971191406
2020-06-03,287.75250244140625
2020-06-04,286.99676513671875
2020-06-05,294.35223388671875
2020-06-08,297.91021728515625
2020-06-09,295.6888122558594
2020-06-10,294.0388488769531
2020-06-11,277.08782958984375
2020-06-12,280.4061279296875
2020-06-15,283.02386474609375
2020-06-16,288.4714660644531
2020-06-17,287.2731628417969
2020-06-18,287.3838195800781
2020-06-19,285.7414245605469
2020-06-22,287.5744934082031
2020-06-23,288.8984375
2020-06-24,281.5289306640625
2020-06-25,284.547119140625
2020-06-26,277.7886962890625
2020-06-29,281.8715515136719
2020-06-30,285.48211669921875
2020-07-01,287.4819030761719
2020-07-02,289.0650939941406
2020-07-06,293.5274963378906
2020-07-07,290.5000915527344
2020-07-08,292.7220458984375
2020-07-09,291.05560302734375
2020-07-10,294.02734375
2020-07-13,291.4814453125
2020-07-14,295.25872802734375
2020-07-15,297.97137451171875
2020-07-16,296.9900207519531
2020-07-17,297.8509521484375
2020-07-20,300.2580871582031
2020-07-21,300.89697265625
2020-07-22,302.6096496582031
2020-07-23,298.9990234375
2020-07-24,297.0733642578125
2020-07-27,299.2396240234375
2020-07-28,297.341796875
2020-07-29,300.99871826171875
2020-07-30,299.9248046875
2020-07-31,302.294921875
2020-08-03,304.3964538574219
2020-08-04,305.5722351074219
2020-08-05,307.4701843261719
2020-08-06,309.5253601074219
2020-08-07,309.7475891113281
2020-08-10,310.67340087890625
2020-08-11,308.1090087890625
2020-08-12,312.4046630859375
2020-08-13,311.8399658203125
2020-08-14,311.84918212890625
2020-08-17,312.83984375
2020-08-18,313.5156555175781
2020-08-19,312.2102355957031
2020-08-20,313.18243408203125
2020-08-21,314.2933654785156
2020-08-24,317.4781188964844
2020-08-25,318.58917236328125
2020-08-26,321.7830505371094
2020-08-27,322.4867858886719
2020-08-28,324.5697937011719
2020-08-31,323.39410400390625
2020-09-01,326.43994140625
2020-09-02,331.16156005859375
2020-09-03,319.76483154296875
2020-09-04,317.154052734375
2020-09-08,308.4884948730469
2020-09-09,314.58038330078125
2020-09-10,309.1181640625
2020-09-11,309.27545166015625
2020-09-14,313.3489990234375
2020-09-15,314.93212890625
2020-09-16,313.6822814941406
2020-09-17,310.92333984375
2020-09-18,307.3438415527344
2020-09-21,303.9232177734375
2020-09-22,307.0185241699219
2020-09-23,299.8984680175781
2020-09-24,300.6978759765625
2020-09-25,305.5591735839844
2020-09-28,310.63427734375
2020-09-29,308.942626953125
2020-09-30,311.2850036621094
2020-10-01,313.2833557128906
2020-10-02,310.3089599609375
2020-10-05,315.81170654296875
2020-10-06,311.3221740722656
2020-10-07,316.74127197265625
2020-10-08,319.5483703613281
2020-10-09,322.4019775390625
2020-10-12,327.5887145996094
2020-10-13,325.4507751464844
2020-10-14,323.4058532714844
2020-10-15,323.0061340332031
2020-10-16,322.81097412109375
2020-10-19,317.9031677246094
2020-10-20,319.176513671875
2020-10-21,318.5724182128906
2020-10-22,320.31982421875
2020-10-23,321.4074401855469
2020-10-26,315.4678039550781
2020-10-27,314.3801574707031
2020-10-28,303.6351013183594
2020-10-29,306.7210693359375
2020-10-30,303.5235900878906
2020-11-02,306.92559814453125
2020-11-03,312.3447265625
2020-11-04,319.3253173828125
2020-11-05,325.5530090332031
2020-11-06,325.47869873046875
2020-11-09,329.56854248046875
2020-11-10,329.0852355957031
2020-11-11,331.5298767089844
2020-11-12,328.3136901855469
2020-11-13,332.8590087890625
2020-11-16,337.0139465332031
2020-11-17,335.20135498046875
2020-11-18,331.1672668457031
2020-11-19,332.5614929199219
2020-11-20,330.2842712402344
2020-11-23,332.2641296386719
2020-11-24,337.6180419921875
2020-11-25,337.0976257324219
2020-11-27,338.036376953125
2020-11-30,336.539794921875
2020-12-01,340.2207336425781
2020-12-02,340.9365234375
2020-12-03,340.843505859375
2020-12-04,343.7807922363281
2020-12-07,343.0743103027344
2020-12-08,344.07818603515625
2020-12-09,340.99224853515625
2020-12-10,340.8807678222656
2020-12-11,340.48101806640625
2020-12-14,338.9566345214844
2020-12-15,343.5391540527344
2020-12-16,344.07818603515625
2020-12-17,346.0023193359375
2020-12-18,344.6208190917969
2020-12-21,343.3885803222656
2020-12-22,342.809814453125
2020-12-23,343.11785888671875
2020-12-24,344.4527282714844
2020-12-28,347.411865234375
2020-12-29,346.7491760253906
2020-12-30,347.24383544921875
2020-12-31,349.0081481933594
2021-01-04,344.2567138671875
2021-01-05,346.62774658203125
2021-01-06,348.7000427246094
2021-01-07,353.8809509277344
2021-01-08,355.89715576171875
2021-01-11,353.4980773925781
2021-01-12,353.57275390625
2021-01-13,354.52496337890625
2021-01-14,353.2834167480469
2021-01-15,350.7070617675781
2021-01-19,353.4608154296875
2021-01-20,358.35223388671875
2021-01-21,358.678955078125
2021-01-22,357.409423828125
2021-01-25,358.8190002441406
2021-01-26,358.25885009765625
2021-01-27,349.50286865234375
2021-01-28,352.5086975097656
2021-01-29,345.4516296386719
2021-02-01,351.2017822265625
2021-02-02,356.1678771972656
2021-02-03,356.4479064941406
2021-02-04,360.499267578125
2021-02-05,361.91815185546875
2021-02-08,364.5318603515625
2021-02-09,364.2891540527344
2021-02-10,364.1304016113281
2021-02-11,364.7185363769531
2021-02-12,366.5201416015625
2021-02-16,366.2027893066406
2021-02-17,366.28680419921875
2021-02-18,364.72784423828125
2021-02-19,364.083740234375
2021-02-22,361.2833251953125
2021-02-23,361.7220458984375
2021-02-24,365.7079772949219
2021-02-25,356.89599609375
2021-02-26,355.0570068359375
2021-03-01,363.6636657714844
2021-03-02,360.825927734375
2021-03-03,356.0465393066406
2021-03-04,351.6404724121094
2021-03-05,358.1095275878906
2021-03-08,356.32659912109375
2021-03-09,361.4140319824219
2021-03-10,363.6636657714844
2021-03-11,367.3509826660156
2021-03-12,367.84564208984375
2021-03-15,370.0392761230469
2021-03-16,369.5726013183594
2021-03-17,370.83282470703125
2021-03-18,365.4372863769531
2021-03-19,364.76116943359375
2021-03-22,367.673828125
2021-03-23,364.77984619140625
2021-03-24,362.9255065917969
2021-03-25,364.96722412109375
2021-03-26,370.8486328125
2021-03-29,370.6613464355469
2021-03-30,369.6779479980469
2021-03-31,371.1763610839844
2021-04-01,375.18475341796875
2021-04-05,380.5697937011719
2021-04-06,380.3450622558594
2021-04-07,380.78521728515625
2021-04-08,382.5927734375
2021-04-09,385.374267578125
2021-04-12,385.5147705078125
2021-04-13,386.65728759765625
2021-04-14,385.3367919921875
2021-04-15,389.47625732421875
2021-04-16,390.7779846191406
2021-04-19,388.858154296875
2021-04-20,386.0111389160156
2021-04-21,389.66357421875
2021-04-22,386.1047668457031
2021-04-23,390.29107666015625
2021-04-26,391.1058044433594
2021-04-27,391.0215148925781
2021-04-28,390.9090881347656
2021-04-29,393.4002990722656
2021-04-30,390.81549072265625
2021-05-03,391.6583557128906
2021-05-04,389.24200439453125
2021-05-05,389.3638610839844
2021-05-06,392.47320556640625
2021-05-07,395.32965087890625
2021-05-10,391.4148864746094
2021-05-11,387.921630859375
2021-05-12,379.6800537109375
2021-05-13,384.2409973144531
2021-05-14,390.1411437988281
2021-05-17,389.1484680175781
2021-05-18,385.7956237792969
2021-05-19,384.7842102050781
2021-05-20,388.9236755371094
2021-05-21,388.60528564453125
2021-05-24,392.5667724609375
2021-05-25,391.69586181640625
2021-05-26,392.47320556640625
2021-05-27,392.67919921875
2021-05-28,393.381591796875
2021-06-01,393.03509521484375
2021-06-02,393.65325927734375
2021-06-03,392.1922607421875
2021-06-04,395.77911376953125
2021-06-07,395.39520263671875
2021-06-08,395.47943115234375
2021-06-09,394.8893737792969
2021-06-10,396.7250061035156
2021-06-11,397.3805847167969
2021-06-14,398.2703552246094
2021-06-15,397.5398864746094
2021-06-16,395.3202819824219
2021-06-17,395.18914794921875
2021-06-18,389.8578796386719
2021-06-21,395.4390869140625
2021-06-22,397.5530700683594
2021-06-23,397.073974609375
2021-06-24,399.4229431152344
2021-06-25,400.84173583984375
2021-06-28,401.6498107910156
2021-06-29,401.8659973144531
2021-06-30,402.2041320800781
2021-07-01,404.43096923828125
2021-07-02,407.5223083496094
2021-07-06,406.7799987792969
2021-07-07,408.21759033203125
2021-07-08,404.8913879394531
2021-07-09,409.2135925292969
2021-07-12,410.6793212890625
2021-07-13,409.27935791015625
2021-07-14,409.8901062011719
2021-07-15,408.49005126953125
2021-07-16,405.28607177734375
2021-07-19,399.30078125
2021-07-20,405.0229797363281
2021-07-21,408.30218505859375
2021-07-22,409.15716552734375
2021-07-23,413.3665771484375
2021-07-26,414.3813171386719
2021-07-27,412.4927673339844
2021-07-28,412.3235778808594
2021-07-29,414.0336608886719
2021-07-30,412.0230407714844
2021-08-02,411.1584777832031
2021-08-03,414.5034484863281
2021-08-04,412.4645690917969
2021-08-05,415.07666015625
2021-08-06,415.7625732421875
2021-08-09,415.42431640625
2021-08-10,415.94110107421875
2021-08-11,416.9746398925781
2021-08-12,418.2242736816406
2021-08-13,418.9853820800781
2021-08-16,419.971923828125
2021-08-17,417.2189636230469
2021-08-18,412.6525573730469
2021-08-19,413.2913818359375
2021-08-20,416.5799865722656
2021-08-23,420.2444152832031
2021-08-24,420.9115905761719
2021-08-25,421.7947998046875
2021-08-26,419.30487060546875
2021-08-27,423.0538330078125
2021-08-30,424.914306640625
2021-08-31,424.2846984863281
2021-09-01,424.5101623535156
2021-09-02,425.8162536621094
2021-09-03,425.7129211425781
2021-09-07,424.1908264160156
2021-09-08,423.6739807128906
2021-09-09,421.8605651855469
2021-09-10,418.5343322753906
2021-09-13,419.6055603027344
2021-09-14,417.34112548828125
2021-09-15,420.8270568847656
2021-09-16,420.1598205566406
2021-09-17,416.06707763671875
2021-09-20,409.1294250488281
2021-09-21,408.7430419921875
2021-09-22,412.7302551269531
2021-09-23,417.74493408203125
2021-09-24,418.43310546875
2021-09-27,417.23590087890625
2021-09-28,408.827880859375
2021-09-29,409.5159912109375
2021-09-30,404.5107116699219
2021-10-01,409.3180236816406
2021-10-04,404.0393981933594
2021-10-05,408.2434997558594
2021-10-06,409.94012451171875
2021-10-07,413.48431396484375
2021-10-08,412.7302551269531
2021-10-11,409.7421875
2021-10-12,408.73358154296875
2021-10-13,410.2040710449219
2021-10-14,417.10400390625
2021-10-15,420.28057861328125
2021-10-18,421.5247802734375
2021-10-19,424.7767333984375
2021-10-20,426.4452209472656
2021-10-21,427.5574645996094
2021-10-22,427.11444091796875
2021-10-25,429.4049377441406
2021-10-26,429.79144287109375
2021-10-27,427.8873291015625
2021-10-28,432.0160217285156
2021-10-29,432.8926086425781
2021-11-01,433.63726806640625
2021-11-02,435.3905029296875
2021-11-03,438.0487060546875
2021-11-04,440.1130065917969
2021-11-05,441.6399841308594
2021-11-08,442.01708984375
2021-11-09,440.5560302734375
2021-11-10,437.01190185546875
2021-11-11,437.1531982421875
2021-11-12,440.4523620605469
2021-11-15,440.6031188964844
2021-11-16,442.34698486328125
2021-11-17,441.2724609375
2021-11-18,442.77117919921875
2021-11-19,441.9793395996094
2021-11-22,440.7351989746094
2021-11-23,441.31951904296875
2021-11-24,442.497802734375
2021-11-26,432.6286926269531
2021-11-29,437.93560791015625
2021-11-30,429.41436767578125
2021-12-01,424.6448059082031
2021-12-02,431.1488037109375
2021-12-03,427.3972473144531
2021-12-06,432.45904541015625
2021-12-07,441.4043884277344
2021-12-08,442.5732116699219
2021-12-09,439.5851745605469
2021-12-10,443.72308349609375
2021-12-13,439.7925109863281
2021-12-14,436.7667236328125
2021-12-15,443.5912170410156
2021-12-16,439.679443359375
2021-12-17,434.9999694824219
2021-12-20,430.3743896484375
2021-12-21,438.01739501953125
2021-12-22,442.3970642089844
2021-12-23,445.14971923828125
2021-12-27,451.44952392578125
2021-12-28,451.0805969238281
2021-12-29,451.6576232910156
2021-12-30,450.4089660644531
2021-12-31,449.27386474609375
2022-01-03,451.8751220703125
2022-01-04,451.7237548828125
2022-01-05,443.0497741699219
2022-01-06,442.633544921875
2022-01-07,440.883544921875
2022-01-10,440.33489990234375
2022-01-11,444.34564208984375
2022-01-12,445.54693603515625
2022-01-13,439.4079895019531
2022-01-14,439.5876159667969
2022-01-18,431.802734375
2022-01-19,427.31915283203125
2022-01-20,422.58941650390625
2022-01-21,414.2938232421875
2022-01-24,416.0531921386719
2022-01-25,410.9736633300781
2022-01-26,409.9425354003906
2022-01-27,407.91827392578125
2022-01-28,418.0490417480469
2022-01-31,425.5786437988281
2022-02-01,428.4541931152344
2022-02-02,432.6162414550781
2022-02-03,422.44757080078125
2022-02-04,424.43402099609375
2022-02-07,423.0718994140625
2022-02-08,426.5528869628906
2022-02-09,432.79595947265625
2022-02-10,425.0205078125
2022-02-11,416.6396484375
2022-02-14,415.277587890625
2022-02-15,421.9746398925781
2022-02-16,422.44757080078125
2022-02-17,413.423583984375
2022-02-18,410.7466125488281
2022-02-22,406.33856201171875
2022-02-23,399.13067626953125
2022-02-24,405.1372985839844
2022-02-25,414.076171875
2022-02-28,413.0167541503906
2022-03-01,406.7264709472656
2022-03-02,414.2086486816406
2022-03-03,412.1465148925781
2022-03-04,408.7979736328125
2022-03-07,396.7469177246094
2022-03-08,393.739013671875
2022-03-09,404.29541015625
2022-03-10,402.4697265625
2022-03-11,397.3524169921875
2022-03-14,394.44842529296875
2022-03-15,403.12249755859375
2022-03-16,412.0614013671875
2022-03-17,417.2166442871094
2022-03-18,421.786376953125
2022-03-21,421.66302490234375
2022-03-22,426.5970764160156
2022-03-23,421.10321044921875
2022-03-24,427.4510498046875
2022-03-25,429.53851318359375
2022-03-28,432.5938415527344
2022-03-29,437.9454345703125
2022-03-30,435.2411804199219
2022-03-31,428.5422668457031
2022-04-01,429.7568054199219
2022-04-04,433.4383544921875
2022-04-05,427.9634094238281
2022-04-06,423.68408203125
2022-04-07,425.8190002441406
2022-04-08,424.6803894042969
2022-04-11,417.4216003417969
2022-04-12,415.875
2022-04-13,420.6382751464844
2022-04-14,415.4005432128906
2022-04-18,415.57135009765625
2022-04-19,422.2797546386719
2022-04-20,421.9666442871094
2022-04-21,415.6567687988281
2022-04-22,404.2514953613281
2022-04-25,406.59515380859375
2022-04-26,394.8197937011719
2022-04-27,395.92999267578125
2022-04-28,405.9309387207031
2022-04-29,390.9294738769531
2022-05-02,393.2826843261719
2022-05-03,395.08551025390625
2022-05-04,407.1170349121094
2022-05-05,392.6469421386719
2022-05-06,390.3032531738281
2022-05-09,377.8067932128906
2022-05-10,378.6797180175781
2022-05-11,372.66400146484375
2022-05-12,372.2749328613281
2022-05-13,381.1751708984375
2022-05-16,379.62860107421875
2022-05-17,387.4377136230469
2022-05-18,371.8194580078125
2022-05-19,369.5422058105469
2022-05-20,369.7035217285156
2022-05-23,376.6207275390625
2022-05-24,373.7456359863281
2022-05-25,377.0477294921875
2022-05-26,384.5816650390625
2022-05-27,394.02276611328125
2022-05-31,391.8119201660156
2022-06-01,388.64276123046875
2022-06-02,396.0438537597656
2022-06-03,389.5442199707031
2022-06-06,390.7303161621094
2022-06-07,394.4782409667969
2022-06-08,390.18939208984375
2022-06-09,380.9095764160156
2022-06-10,369.8648681640625
2022-06-13,355.82171630859375
2022-06-14,354.7495422363281
2022-06-15,359.80694580078125
2022-06-16,347.8988342285156
2022-06-17,348.6487731933594
2022-06-21,357.4255065917969
2022-06-22,356.7774963378906
2022-06-23,360.27484130859375
2022-06-24,371.7293701171875
2022-06-27,370.3094482421875
2022-06-28,362.74298095703125
2022-06-29,362.44757080078125
2022-06-30,359.50299072265625
2022-07-01,363.3052673339844
2022-07-05,363.9913635253906
2022-07-06,365.220703125
2022-07-07,370.690673828125
2022-07-08,370.3857727050781
2022-07-11,366.154541015625
2022-07-12,362.9145202636719
2022-07-13,361.0086669921875
2022-07-14,360.13189697265625
2022-07-15,367.0123291015625
2022-07-18,363.9818420410156
2022-07-19,373.8163757324219
2022-07-20,376.1986999511719
2022-07-21,380.0296630859375
2022-07-22,376.50372314453125
2022-07-25,376.96112060546875
2022-07-26,372.5012512207031
2022-07-27,382.1737976074219
2022-07-28,386.9671936035156
2022-07-29,392.6086730957031
2022-08-01,391.4460144042969
2022-08-02,388.863525390625
2022-08-03,394.952880859375
2022-08-04,394.6861267089844
2022-08-05,394.01910400390625
2022-08-08,393.5615539550781
2022-08-09,391.9988098144531
2022-08-10,400.2323303222656
2022-08-11,400.2323303222656
2022-08-12,407.00787353515625
2022-08-15,408.6850280761719
2022-08-16,409.48553466796875
2022-08-17,406.57904052734375
2022-08-18,407.76068115234375
2022-08-19,402.2812805175781
2022-08-22,393.90472412109375
2022-08-23,392.9517822265625
2022-08-24,394.20965576171875
2022-08-25,399.77490234375
2022-08-26,386.2429504394531
2022-08-29,383.6889953613281
2022-08-30,379.4769592285156
2022-08-31,376.5894470214844
2022-09-01,377.7711486816406
2022-09-02,373.7877502441406
2022-09-06,372.37744140625
2022-09-07,379.0671691894531
2022-09-08,381.54486083984375
2022-09-09,387.4722900390625
2022-09-12,391.6366271972656
2022-09-13,374.6073303222656
2022-09-14,376.0367736816406
2022-09-15,371.7674865722656
2022-09-16,368.93133544921875
2022-09-19,371.7923278808594
2022-09-20,367.5247497558594
2022-09-21,361.11370849609375
2022-09-22,358.0804138183594
2022-09-23,352.08087158203125
2022-09-26,348.59783935546875
2022-09-27,347.70794677734375
2022-09-28,354.549560546875
2022-09-29,347.14337158203125
2022-09-30,341.7752990722656
2022-10-03,350.7986145019531
2022-10-04,361.66864013671875
2022-10-05,360.82659912109375
2022-10-06,357.10443115234375
2022-10-07,347.14337158203125
2022-10-10,344.4927978515625
2022-10-11,342.3111572265625
2022-10-12,341.18206787109375
2022-10-13,350.1861877441406
2022-10-14,342.2059326171875
2022-10-17,350.99957275390625
2022-10-18,355.12371826171875
2022-10-19,352.60711669921875
2022-10-20,349.6503601074219
2022-10-21,358.1473693847656
2022-10-24,362.5298767089844
2022-10-25,368.3189392089844
2022-10-26,365.5439758300781
2022-10-27,363.59197998046875
2022-10-28,372.2420959472656
2022-10-31,369.5533142089844
2022-11-01,367.9361572265625
2022-11-02,358.70233154296875
2022-11-03,355.00885009765625
2022-11-04,360.1185302734375
2022-11-07,363.56329345703125
2022-11-08,365.52490234375
2022-11-09,357.99432373046875
2022-11-10,377.6675720214844
2022-11-11,381.32281494140625
2022-11-14,378.0790100097656
2022-11-15,381.3037109375
2022-11-16,378.3948059082031
2022-11-17,377.2369384765625
2022-11-18,378.94976806640625
2022-11-21,377.5718994140625
2022-11-22,382.6528625488281
2022-11-23,385.0642395019531
2022-11-25,384.97808837890625
2022-11-28,378.8349304199219
2022-11-29,378.1842956542969
2022-11-30,390.0973205566406
2022-12-01,389.8102722167969
2022-12-02,389.3605651855469
2022-12-05,382.3562316894531
2022-12-06,376.8446350097656
2022-12-07,376.2035827636719
2022-12-08,379.1507263183594
2022-12-09,376.3183288574219
2022-12-12,381.7438659667969
2022-12-13,384.63360595703125
2022-12-14,382.1744079589844
2022-12-15,372.8258056640625
2022-12-16,368.42425537109375
2022-12-19,365.29998779296875
2022-12-20,365.7998962402344
2022-12-21,371.2695617675781
2022-12-22,365.9729309082031
2022-12-23,368.0780944824219
2022-12-27,366.6265869140625
2022-12-28,362.0702209472656
2022-12-29,368.5875549316406
2022-12-30,367.6167297363281
2023-01-03,366.0690612792969
2023-01-04,368.8951416015625
2023-01-05,364.6848449707031
2023-01-06,373.0478515625
2023-01-09,372.83636474609375
2023-01-10,375.45098876953125
2023-01-11,380.1995849609375
2023-01-12,381.5838928222656
2023-01-13,383.0643005371094
2023-01-17,382.3624572753906
2023-01-18,376.3257751464844
2023-01-19,373.5862121582031
2023-01-20,380.5457458496094
2023-01-23,385.11175537109375
2023-01-24,384.69842529296875
2023-01-25,384.84259033203125
2023-01-26,389.0721130371094
2023-01-27,389.9660949707031
2023-01-30,385.07330322265625
2023-01-31,390.7351379394531
2023-02-01,394.88775634765625
2023-02-02,400.6361389160156
2023-02-03,396.3777770996094
2023-02-06,393.9554138183594
2023-02-07,399.10772705078125
2023-02-08,394.74359130859375
2023-02-09,391.3215026855469
2023-02-10,392.23468017578125
2023-02-13,396.8392028808594
2023-02-14,396.6565246582031
2023-02-15,397.94464111328125
2023-02-16,392.4653625488281
2023-02-17,391.4848937988281
2023-02-21,383.63134765625
2023-02-22,383.1027526855469
2023-02-23,385.140625
2023-02-24,381.0263366699219
2023-02-27,382.32403564453125
2023-02-28,380.91107177734375
2023-03-01,379.4498596191406
2023-03-02,382.4009704589844
2023-03-03,388.53387451171875
2023-03-06,388.802978515625
2023-03-07,382.84320068359375
2023-03-08,383.46795654296875
2023-03-09,376.39306640625
2023-03-10,370.9619140625
2023-03-13,370.4331970214844
2023-03-14,376.55645751953125
2023-03-15,374.20135498046875
2023-03-16,380.76678466796875
2023-03-17,376.3146057128906
2023-03-20,379.93310546875
2023-03-21,384.9218444824219
2023-03-22,378.36029052734375
2023-03-23,379.3830871582031
2023-03-24,381.8726501464844
2023-03-27,382.586669921875
2023-03-28,381.7279357910156
2023-03-29,387.2762451171875
2023-03-30,389.5438537597656
2023-03-31,395.0343322753906
2023-04-03,396.5397033691406
2023-04-04,394.339599609375
2023-04-05,393.30712890625
2023-04-06,394.8413391113281
2023-04-10,395.2466125488281
2023-04-11,395.3527526855469
2023-04-12,393.74127197265625
2023-04-13,398.9712829589844
2023-04-14,397.9967041015625
2023-04-17,399.4248046875
2023-04-18,399.6853332519531
2023-04-19,399.6177673339844
2023-04-20,397.4370422363281
2023-04-21,397.74578857421875
2023-04-24,398.1607666015625
2023-04-25,391.84039306640625
2023-04-26,390.1806945800781
2023-04-27,397.9484558105469
2023-04-28,401.344970703125
2023-05-01,400.9397277832031
2023-05-02,396.4335632324219
2023-05-03,393.7123718261719
2023-05-04,390.9237365722656
2023-05-05,398.1607666015625
2023-05-08,398.2668762207031
2023-05-09,396.52032470703125
2023-05-10,398.3730163574219
2023-05-11,397.6782531738281
2023-05-12,397.1572265625
2023-05-15,398.5273742675781
2023-05-16,395.86419677734375
2023-05-17,400.66961669921875
2023-05-18,404.52923583984375
2023-05-19,403.940673828125
2023-05-22,404.1047058105469
2023-05-23,399.5695495605469
2023-05-24,396.6746826171875
2023-05-25,400.10992431640625
2023-05-26,405.29156494140625
2023-05-30,405.4460144042969
2023-05-31,403.19769287109375
2023-06-01,407.02850341796875
2023-06-02,412.91461181640625
2023-06-05,412.12335205078125
2023-06-06,413.0207214355469
2023-06-07,411.5925598144531
2023-06-08,414.0821228027344
2023-06-09,414.8251037597656
2023-06-12,418.5883483886719
2023-06-13,421.34808349609375
2023-06-14,421.8498840332031
2023-06-15,427.0798034667969
2023-06-16,425.62506103515625
2023-06-20,423.4168701171875
2023-06-21,421.2474060058594
2023-06-22,422.7679443359375
2023-06-23,419.57183837890625
2023-06-26,417.8575744628906
2023-06-27,422.43865966796875
2023-06-28,422.6517333984375
2023-06-29,424.31756591796875
2023-06-30,429.3248596191406
2023-07-03,429.8188171386719
2023-07-05,429.1795654296875
2023-07-06,425.8187561035156
2023-07-07,424.7436828613281
2023-07-10,425.8187561035156
2023-07-11,428.5306396484375
2023-07-12,431.97857666015625
2023-07-13,435.4071044921875
2023-07-14,435.13592529296875
2023-07-17,436.6468200683594
2023-07-18,439.89141845703125
2023-07-19,440.8695373535156
2023-07-20,437.9446716308594
2023-07-21,437.9446716308594
2023-07-24,439.90106201171875
2023-07-25,441.1020202636719
2023-07-26,441.1697998046875
2023-07-27,438.2448425292969
2023-07-28,442.5354309082031
2023-07-31,443.3780517578125
2023-08-01,442.1092834472656
2023-08-02,435.95916748046875
2023-08-03,434.7098083496094
2023-08-04,432.7436828613281
2023-08-07,436.5209045410156
2023-08-08,434.62261962890625
2023-08-09,431.717041015625
2023-08-10,431.87200927734375
2023-08-11,431.6202087402344
2023-08-14,434.00274658203125
2023-08-15,428.9471740722656
2023-08-16,425.7994079589844
2023-08-17,422.554931640625
2023-08-18,422.7582702636719
2023-08-21,425.50885009765625
2023-08-22,424.3563232421875
2023-08-23,429.08270263671875
2023-08-24,423.1360168457031
2023-08-25,426.1190185546875
2023-08-28,428.8211975097656
2023-08-29,435.0196838378906
2023-08-30,436.8114929199219
2023-08-31,436.1722717285156
2023-09-01,436.9857482910156
2023-09-05,435.0971984863281
2023-09-06,432.1722412109375
2023-09-07,430.8454284667969
2023-09-08,431.4942932128906
2023-09-11,434.3320617675781
2023-09-12,431.94952392578125
2023-09-13,432.453125
2023-09-14,436.1819152832031
2023-09-15,430.92669677734375
2023-09-18,431.1794128417969
2023-09-19,430.2851867675781
2023-09-20,426.3294372558594
2023-09-21,419.2829284667969
2023-09-22,418.3401184082031
2023-09-25,420.0993347167969
2023-09-26,413.9275207519531
2023-09-27,414.0927734375
2023-09-28,416.493408203125
2023-09-29,415.4825744628906
2023-10-02,415.3174133300781
2023-10-03,409.7579650878906
2023-10-04,412.7417907714844
2023-10-05,412.5862731933594
2023-10-06,417.4847717285156
2023-10-09,420.15765380859375
2023-10-10,422.34454345703125
2023-10-11,424.07452392578125
2023-10-12,421.4892272949219
2023-10-13,419.3898010253906
2023-10-16,423.80242919921875
2023-10-17,423.7829284667969
2023-10-18,418.13604736328125
2023-10-19,414.46209716796875
2023-10-20,409.3691711425781
2023-10-23,408.6596984863281
2023-10-24,411.7406921386719
2023-10-25,405.8313293457031
2023-10-26,400.97161865234375
2023-10-27,399.15411376953125
2023-10-30,403.92633056640625
2023-10-31,406.4631042480469
2023-11-01,410.7978820800781
2023-11-02,418.6706237792969
2023-11-03,422.49029541015625
2023-11-06,423.4621887207031
2023-11-07,424.6673889160156
2023-11-08,424.9784851074219
2023-11-09,421.66412353515625
2023-11-10,428.2441101074219
2023-11-13,427.8359680175781
2023-11-14,436.1362609863281
2023-11-15,437.0595397949219
2023-11-16,437.59417724609375
2023-11-17,438.138427734375
2023-11-20,441.5110778808594
2023-11-21,440.5487976074219
2023-11-22,442.2496643066406
2023-11-24,442.5218200683594
2023-11-27,441.7248840332031
2023-11-28,442.1622314453125
2023-11-29,441.8512268066406
2023-11-30,443.5909423828125
2023-12-01,446.2151794433594
2023-12-04,443.8728332519531
2023-12-05,443.7853698730469
2023-12-06,441.99700927734375
2023-12-07,445.36962890625
2023-12-08,447.2843322753906
2023-12-11,449.02410888671875
2023-12-12,451.0749206542969
2023-12-13,457.2952575683594
2023-12-14,458.76287841796875
2023-12-15,458.007568359375
2023-12-18,460.5838317871094
2023-12-19,463.38458251953125
2023-12-20,456.9633483886719
2023-12-21,461.2962951660156
2023-12-22,462.223388671875
2023-12-26,464.17510986328125
2023-12-27,465.01434326171875
2023-12-28,465.1899719238281
2023-12-29,463.8432922363281
