Date,Return
2018-01-03,0.6325101249993637
2018-01-04,0.4214712751361427
2018-01-05,0.6663805209223161
2018-01-08,0.18291289882135242
2018-01-09,0.22633173684849517
2018-01-10,-0.15299050336671227
2018-01-11,0.7295875282708364
2018-01-12,0.6519084829814448
2018-01-16,-0.34180585091740934
2018-01-17,0.95314161012785
2018-01-18,-0.16808610925732603
2018-01-19,0.45498804959580585
2018-01-22,0.8130926443462139
2018-01-23,0.21222796614284167
2018-01-24,-0.03883918204584669
2018-01-25,0.04239535980832265
2018-01-26,1.1577377038275438
2018-01-29,-0.6629482746627668
2018-01-30,-1.0257128757018896
2018-01-31,0.04968392689681522
2018-02-01,-0.11352263749333513
2018-02-02,-2.176997199171249
2018-02-05,-4.182255527835743
2018-02-06,1.9702562537133872
2018-02-07,-0.5424981742849888
2018-02-08,-3.7509036267534546
2018-02-09,1.5021737308305028
2018-02-12,1.4684648774166975
2018-02-13,0.24870187188084092
2018-02-14,1.3496249055926723
2018-02-15,1.2760382697327932
2018-02-16,0.029267835522617247
2018-02-20,-0.6261053731342114
2018-02-21,-0.49743919497499123
2018-02-22,0.12959906876637284
2018-02-23,1.5939433069943831
2018-02-26,1.1612256490962425
2018-02-27,-1.248662726994243
2018-02-28,-1.0129811859082682
2018-03-01,-1.45407490126499
2018-03-02,0.5154681121353422
2018-03-05,1.155824833374064
2018-03-06,0.2535015738566848
2018-03-07,-0.03663975611848391
2018-03-08,0.4838689538643415
2018-03-09,1.7402968418872122
2018-03-12,-0.125568293553302
2018-03-13,-0.6462352232648128
2018-03-14,-0.513154596530141
2018-03-15,-0.10897187311107448
2018-03-16,0.10844319790057622
2018-03-19,-1.3530573364569753
2018-03-20,0.17010634383980427
2018-03-21,-0.191966197170923
2018-03-22,-2.4996854371939103
2018-03-23,-2.131463905201858
2018-03-26,2.735880735211027
2018-03-27,-1.7011645365383576
2018-03-28,-0.29548364706788455
2018-03-29,1.277751006592509
2018-04-02,-2.1584425792788076
2018-04-03,1.2816844605942013
2018-04-04,1.0699207917078457
2018-04-05,0.7891927717471381
2018-04-06,-2.2285822635876973
2018-04-09,0.4928462929283839
2018-04-10,1.5900204813402041
2018-04-11,-0.5242205370951769
2018-04-12,0.822706796370043
2018-04-13,-0.29331061928714597
2018-04-16,0.8221802737262696
2018-04-17,1.0698443055297435
2018-04-18,0.0740197780796148
2018-04-19,-0.5547440885771637
2018-04-20,-0.8479460238929315
2018-04-23,-0.014971739388647265
2018-04-24,-1.3467410111700828
2018-04-25,0.24718258410798555
2018-04-26,1.0165286082013614
2018-04-27,0.09388893598423209
2018-04-30,-0.7690508301861243
2018-05-01,0.1776823819191531
2018-05-02,-0.6717573503455476
2018-05-03,-0.22036079868996694
2018-05-04,1.2946601220473752
2018-05-07,0.33831029597926054
2018-05-08,0.0
2018-05-09,0.9665748352618353
2018-05-10,0.9350792644577277
2018-05-11,0.30512752241389496
2018-05-14,0.047643168383659784
2018-05-15,-0.688702288602816
2018-05-16,0.4205041056651204
2018-05-17,-0.0844431760046227
2018-05-18,-0.2500111103387659
2018-05-21,0.751805306295017
2018-05-22,-0.2779957121435417
2018-05-23,0.2751259196157374
2018-05-24,-0.20483810249501966
2018-05-25,-0.23829105608134116
2018-05-29,-1.150104139900343
2018-05-30,1.334470073079408
2018-05-31,-0.6125981330348584
2018-06-01,0.9818193813086795
2018-06-04,0.4750751993651825
2018-06-05,0.07281422337905852
2018-06-06,0.8360281825876559
2018-06-07,-0.010795141975050715
2018-06-08,0.2956288489006864
2018-06-11,0.1330116409326898
2018-06-12,0.12922477191401605
2018-06-13,-0.3190826855892448
2018-06-14,0.2517948137973125
2018-06-15,-0.12757670974413715
2018-06-18,-0.20573201638779404
2018-06-19,-0.38325901513175387
2018-06-20,0.17060343037531567
2018-06-21,-0.626878336590464
2018-06-22,0.18230173522022497
2018-06-25,-1.3612776224633194
2018-06-26,0.2214117238333202
2018-06-27,-0.8284359879662473
2018-06-28,0.5717656417061345
2018-06-29,0.143965595583051
2018-07-02,0.21377690371495728
2018-07-03,-0.3531091348551896
2018-07-05,0.8157877034525418
2018-07-06,0.8458441198288646
2018-07-09,0.900401775458004
2018-07-10,0.3598571971161757
2018-07-11,-0.7314247794507955
2018-07-12,0.9065793878948236
2018-07-13,0.07877224524339699
2018-07-16,-0.08945265569967331
2018-07-17,0.4045696865040638
2018-07-18,0.21031116370384684
2018-07-19,-0.37711663021636754
2018-07-20,-0.11429551034402019
2018-07-23,0.18595192281287698
2018-07-24,0.5031640398221571
2018-07-25,0.8522610018500076
2018-07-26,-0.2359327219617402
2018-07-27,-0.6776047614933334
2018-07-30,-0.522340190290771
2018-07-31,0.4929154804939939
2018-08-01,-0.16703759387867168
2018-08-02,0.5447632080662901
2018-08-03,0.4284652343615969
2018-08-06,0.3667149567064154
2018-08-07,0.3302685656742854
2018-08-08,-0.042026348317325546
2018-08-09,-0.13664756219163854
2018-08-10,-0.6700165892489673
2018-08-13,-0.3743016617722361
2018-08-14,0.6380502298275248
2018-08-15,-0.746778678738369
2018-08-16,0.8091902834623799
2018-08-17,0.3520292269171277
2018-08-20,0.21399109540130024
2018-08-21,0.23453770723382839
2018-08-22,-0.05936084978633849
2018-08-23,-0.13280406598856764
2018-08-24,0.6018351560364898
2018-08-27,0.7895630449267887
2018-08-28,0.04833291665666817
2018-08-29,0.5380633268061263
2018-08-30,-0.4048519181591659
2018-08-31,0.0034250773772281917
2018-09-04,-0.17222825067684244
2018-09-05,-0.2691220962278251
2018-09-06,-0.30103484955552595
2018-09-07,-0.19430560420649057
2018-09-10,0.1738451220870907
2018-09-11,0.3297473840850218
2018-09-12,0.02418597986548754
2018-09-13,0.5914585908426417
2018-09-14,0.017212073255534754
2018-09-17,-0.5294041239159775
2018-09-18,0.5425665994072348
2018-09-19,0.10657943880734155
2018-09-20,0.8104034545693084
2018-09-21,-0.0913621378857088
2018-09-24,-0.3322460301549812
2018-09-25,-0.09274742792428903
2018-09-26,-0.29919678101969494
2018-09-27,0.2793716745357111
2018-09-28,0.010332623591691181
2018-10-01,0.3474455345018779
2018-10-02,-0.05831157569016199
2018-10-03,0.05490386321844731
2018-10-04,-0.781593874921116
2018-10-05,-0.5596991164718457
2018-10-08,0.0
2018-10-09,-0.14588570183746707
2018-10-10,-3.1663378393737007
2018-10-11,-2.202665755506905
2018-10-12,1.388844300155312
2018-10-15,-0.5617042224602575
2018-10-16,2.186599401675271
2018-10-17,0.017850975093547383
2018-10-18,-1.4441131139688146
2018-10-19,-0.0542785293068504
2018-10-22,-0.4488827661191186
2018-10-23,-0.5090775231811007
2018-10-24,-3.0298388246648877
2018-10-25,1.7940301694749472
2018-10-26,-1.7587344174101016
2018-10-29,-0.5540404061843862
2018-10-30,1.4818757279069228
2018-10-31,1.0680670983531426
2018-11-01,1.0642084138816177
2018-11-02,-0.5923223591364102
2018-11-05,0.551707350875752
2018-11-06,0.6327953565709921
2018-11-07,2.1408794755439775
2018-11-08,-0.18146850721884045
2018-11-09,-0.9768113175094961
2018-11-12,-1.8685366020747995
2018-11-13,-0.18713138629370407
2018-11-14,-0.6836627633379444
2018-11-15,1.0436694985533235
2018-11-16,0.26005698700939384
2018-11-19,-1.6914535965778743
2018-11-20,-1.850601455461398
2018-11-21,0.3407418875194468
2018-11-23,-0.667900509612207
2018-11-26,1.6144589826002198
2018-11-27,0.3364428694667243
2018-11-28,2.3025546510993644
2018-11-29,-0.21850351074903518
2018-11-30,0.6094882563462134
2018-12-03,1.3241653410938747
2018-12-04,-3.2402506217456217
2018-12-06,-0.15169504786584076
2018-12-07,-2.323596406103434
2018-12-10,0.18969462900737533
2018-12-11,0.02269673242665249
2018-12-12,0.5035567052106948
2018-12-13,-0.033892549688552265
2018-12-14,-1.8464904526877546
2018-12-17,-1.961829156206485
2018-12-18,-0.10964219793110352
2018-12-19,-1.497570284390426
2018-12-20,-1.6278031364863055
2018-12-21,-2.048958280326918
2018-12-24,-2.642276623343487
2018-12-26,5.05248229291877
2018-12-27,0.767722477762911
2018-12-28,-0.12899997558295517
2018-12-31,0.8758893943270563
2019-01-02,0.10403279843747004
2019-01-03,-2.3862799887204744
2019-01-04,3.3495768555514616
2019-01-07,0.7884616561042446
2019-01-08,0.9395153165475012
2019-01-09,0.46737423116109955
2019-01-10,0.3527459237532726
2019-01-11,0.038635315457180575
2019-01-14,-0.6100908571801456
2019-01-15,1.146074256177898
2019-01-16,0.24199233337944825
2019-01-17,0.7586416548247765
2019-01-18,1.3310555254702594
2019-01-22,-1.3510564685837556
2019-01-23,0.20924774602650853
2019-01-24,0.05312057449318175
2019-01-25,0.8461431742954995
2019-01-28,-0.76003181412726
2019-01-29,-0.13266706471932732
2019-01-30,1.5830343435754068
2019-01-31,0.8782673068783664
2019-02-01,0.048147832703260285
2019-02-04,0.7035373197013639
2019-02-05,0.41918458052563334
2019-02-06,-0.13183262003726437
2019-02-07,-0.9532721350016149
2019-02-08,0.12217280681534604
2019-02-11,0.05544765180856004
2019-02-12,1.2859121450838673
2019-02-13,0.32472709553588164
2019-02-14,-0.22181618409774506
2019-02-15,1.0897366886036597
2019-02-19,0.17305649106815757
2019-02-20,0.20154331926489633
2019-02-21,-0.355637228210115
2019-02-22,0.6200132348426202
2019-02-25,0.13615235983950313
2019-02-26,-0.07157703845996899
2019-02-27,-0.04292717535602231
2019-02-28,-0.1862455181178002
2019-03-01,0.6243816609386332
2019-03-04,-0.3637611136035779
2019-03-05,-0.13600134665380237
2019-03-06,-0.6056823776193876
2019-03-07,-0.8365675092011693
2019-03-08,-0.20002169199805353
2019-03-11,1.450156682721615
2019-03-12,0.377102954054398
2019-03-13,0.6619219125552966
2019-03-14,-0.06396762334860417
2019-03-15,0.49401917867357703
2019-03-18,0.3626295285605874
2019-03-19,0.024758468811358902
2019-03-20,-0.3009520917791386
2019-03-21,1.1294391490786815
2019-03-22,-1.9246484213563897
2019-03-25,-0.07520959237162783
2019-03-26,0.7454459348291476
2019-03-27,-0.5229108966970708
2019-03-28,0.3790920335643655
2019-03-29,0.6304589411560979
2019-04-01,1.1859820608881133
2019-04-02,0.04898151775094561
2019-04-03,0.15735169965589435
2019-04-04,0.26532836301695895
2019-04-05,0.48399519498802945
2019-04-08,0.07625185097768217
2019-04-09,-0.5124740507806314
2019-04-10,0.34110449041342417
2019-04-11,-0.027774043972284
2019-04-12,0.676632386475462
2019-04-15,-0.06551785125665788
2019-04-16,0.0655608052875456
2019-04-17,-0.24472262266084233
2019-04-18,0.19691902439000764
2019-04-22,0.08621501075445348
2019-04-23,0.8991645825944916
2019-04-24,-0.22196313833867665
2019-04-25,-0.06156236614520694
2019-04-26,0.4656750466195625
2019-04-29,0.15675852750154373
2019-04-30,0.05104440414798184
2019-05-01,-0.7516705353676212
2019-05-02,-0.21586524451471245
2019-05-03,0.9787684622067694
2019-05-06,-0.4115226337448541
2019-05-07,-1.6699683751325356
2019-05-08,-0.13893826804137754
2019-05-09,-0.30256211952813805
2019-05-10,0.5023630805740975
2019-05-13,-2.51304481816762
2019-05-14,0.9043663989065198
2019-05-15,0.5857191810767937
2019-05-16,0.9261706436166639
2019-05-17,-0.6465129518662294
2019-05-20,-0.6611919752065765
2019-05-21,0.901532573249586
2019-05-22,-0.3071531859301535
2019-05-23,-1.221841474231622
2019-05-24,0.2268500426559905
2019-05-28,-0.9300594882519331
2019-05-29,-0.6710997834774912
2019-05-30,0.2731237146864851
2019-05-31,-1.3475025870085755
2019-06-03,-0.2542844415441281
2019-06-04,2.1706408243978403
2019-06-05,0.8662176327543625
2019-06-06,0.650274817315788
2019-06-07,1.000694556068349
2019-06-10,0.4589038409001711
2019-06-11,-0.024189567643917442
2019-06-12,-0.17657160599002797
2019-06-13,0.41263545696363924
2019-06-14,-0.1104962835984935
2019-06-17,0.0380057693084801
2019-06-18,1.0471199909586781
2019-06-19,0.2257129252799528
2019-06-20,0.9554393455451393
2019-06-21,-0.1453773187174212
2019-06-24,-0.12243150851376505
2019-06-25,-0.9808015434333961
2019-06-26,-0.09974429106739402
2019-06-27,0.3546274964442375
2019-06-28,0.514559996013908
2019-07-01,0.9078413019598219
2019-07-02,0.2604432299600168
2019-07-03,0.7995002244589156
2019-07-05,-0.11379225605047116
2019-07-08,-0.5494790830600227
2019-07-09,0.12467778545883768
2019-07-10,0.47779455625993617
2019-07-11,0.2344060156742156
2019-07-12,0.4477211076497456
2019-07-15,0.03324657315950663
2019-07-16,-0.3225287884695893
2019-07-17,-0.6804878697079131
2019-07-18,0.36609098614432956
2019-07-19,-0.5555041762384083
2019-07-22,0.24563378063549024
2019-07-23,0.7150177772555999
2019-07-24,0.46995500700204307
2019-07-25,-0.47775032398217343
2019-07-26,0.6700260239425715
2019-07-29,-0.18210513671633732
2019-07-30,-0.24547294249118723
2019-07-31,-1.0940531765566086
2019-08-01,-0.8707625468561075
2019-08-02,-0.7529648039042769
2019-08-05,-3.00729504990902
2019-08-06,1.4022889707734132
2019-08-07,0.059053220912197446
2019-08-08,1.962036770019826
2019-08-09,-0.6811607362769645
2019-08-12,-1.2173475338189244
2019-08-13,1.5551746856510285
2019-08-14,-2.9567467316006235
2019-08-15,0.2641496518802411
2019-08-16,1.4755063024559867
2019-08-19,1.204799643919019
2019-08-20,-0.7662960395233398
2019-08-21,0.8135895108402957
2019-08-22,-0.03081032771382608
2019-08-23,-2.568751781052292
2019-08-26,1.1058585883861216
2019-08-27,-0.39237578512222315
2019-08-28,0.7041971250333345
2019-08-29,1.2772655026821678
2019-08-30,-0.044402330157067293
2019-09-03,-0.5847409322791264
2019-09-04,1.135030752751165
2019-09-05,1.2855388683155278
2019-09-06,0.07725132929183864
2019-09-09,0.050299251783125776
2019-09-10,-0.023451411944119815
2019-09-11,0.7110827823778143
2019-09-12,0.34639079026459463
2019-09-13,-0.06639654246979321
2019-09-16,-0.30887647174430155
2019-09-17,0.2532119418452661
2019-09-18,0.05978567210838115
2019-09-19,-0.006655012206813193
2019-09-20,-0.4724256453893072
2019-09-23,-0.023471981836364897
2019-09-24,-0.7846779509760315
2019-09-25,0.5914888139479713
2019-09-26,-0.20834284452302398
2019-09-27,-0.5387342123606698
2019-09-30,0.4637522352644696
2019-10-01,-1.1894271637404863
2019-10-02,-1.7665172818196795
2019-10-03,0.8192977855840056
2019-10-04,1.3532089766972177
2019-10-07,-0.4314566802052999
2019-10-08,-1.5524518597072379
2019-10-09,0.9496232580738839
2019-10-10,0.6763649148770146
2019-10-11,1.0366740788454454
2019-10-14,-0.11138608409293482
2019-10-15,0.9900227634333181
2019-10-16,-0.16057009774956832
2019-10-17,0.2948856027120472
2019-10-18,-0.4377011152868593
2019-10-21,0.677913941611652
2019-10-22,-0.32667889950833695
2019-10-23,0.2909598844487604
2019-10-24,0.16340494752504764
2019-10-25,0.40949491615955846
2019-10-28,0.5636734134077059
2019-10-29,-0.029681926707925133
2019-10-30,0.3066976127320986
2019-10-31,-0.26631158455392434
2019-11-01,0.9263708248190117
2019-11-04,0.40180978379931176
2019-11-05,-0.11064452121256618
2019-11-06,0.022803063284171365
2019-11-07,0.35164507517084775
2019-11-08,0.24663992200306684
2019-11-11,-0.1909811404228079
2019-11-12,0.21081769132051953
2019-11-13,0.03234026551510727
2019-11-14,0.145603243288428
2019-11-15,0.7236170234388828
2019-11-18,0.07376210454705934
2019-11-19,-0.02885241709783548
2019-11-20,-0.3718744431029708
2019-11-21,-0.16086654710262271
2019-11-22,0.22235956777139076
2019-11-25,0.77503044404994
2019-11-26,0.2265783592035886
2019-11-27,0.44573901124194126
2019-11-29,-0.3708616465408432
2019-12-02,-0.8494702150912303
2019-12-03,-0.6706432032110077
2019-12-04,0.6170383585891059
2019-12-05,0.17976530366314858
2019-12-06,0.9134096059671526
2019-12-09,-0.314397592211868
2019-12-10,-0.11154839341844802
2019-12-11,0.2838790332678087
2019-12-12,0.8618926065314225
2019-12-13,0.059951475290676015
2019-12-16,0.6869775581917148
2019-12-17,0.021923542039936628
2019-12-18,0.006241551389951638
2019-12-19,0.4099165778662428
2019-12-20,0.4384142124714385
2019-12-23,0.15276168771760634
2019-12-24,0.003110291238339613
2019-12-26,0.532340891002292
2019-12-27,-0.024791052368833277
2019-12-30,-0.5513044678385759
2019-12-31,0.24291592038996335
2020-01-02,0.9352052890668316
2020-01-03,-0.7572219374679667
2020-01-06,0.38152559209754244
2020-01-07,-0.2812081288988577
2020-01-08,0.5329829782882545
2020-01-09,0.6780368392112379
2020-01-10,-0.287751946077508
2020-01-13,0.6877449841639516
2020-01-14,-0.1524856036875244
2020-01-15,0.22600626027780013
2020-01-16,0.8318270290104346
2020-01-17,0.31122105631595787
2020-01-21,-0.1958045634291583
2020-01-22,0.012072687429487416
2020-01-23,0.11470181347867925
2020-01-24,-0.8893060399040698
2020-01-27,-1.6029708754169758
2020-01-28,1.047935630120267
2020-01-29,-0.08257217679309425
2020-01-30,0.32450510066224236
2020-01-31,-1.8157858791045256
2020-02-03,0.7428539960917968
2020-02-04,1.5241132295276572
2020-02-05,1.1548341214432378
2020-02-06,0.3364709272310362
2020-02-07,-0.5329783468198346
2020-02-10,0.7465589317400267
2020-02-11,0.1733307992282329
2020-02-12,0.6442442720459907
2020-02-13,-0.1066834322870136
2020-02-14,0.16020099128191134
2020-02-18,-0.25771289057683333
2020-02-19,0.47810703556725453
2020-02-20,-0.4108089528712444
2020-02-21,-1.0298356420031296
2020-02-24,-3.316511102223141
2020-02-25,-3.030232604980565
2020-02-26,-0.3678287272190772
2020-02-27,-4.491137199173833
2020-02-28,-0.42018466991431414
2020-03-02,4.330683877860353
2020-03-03,-2.863281245791205
2020-03-04,4.203296483892505
2020-03-05,-3.324140237625328
2020-03-06,-1.6531002180446008
2020-03-09,-7.809469622034426
2020-03-10,5.174491490771715
2020-03-11,-4.8748444374240645
2020-03-12,-9.567707769403356
2020-03-13,8.548598958027132
2020-03-16,-10.94236449541034
2020-03-17,5.399232068055992
2020-03-18,-5.063307814710905
2020-03-19,0.21250039026861067
2020-03-20,-4.309426522617555
2020-03-23,-2.556800957129035
2020-03-24,9.060302421675171
2020-03-25,1.497012531226627
2020-03-26,5.838978094483194
2020-03-27,-2.978549993503843
2020-03-30,3.247577926571621
2020-03-31,-1.4905474822558107
2020-04-01,-4.500478608290326
2020-04-02,2.3075423353968283
2020-04-03,-1.4454267997876191
2020-04-06,6.716620049364197
2020-04-07,0.10196476871611182
2020-04-08,3.356845716004009
2020-04-09,1.521730423535339
2020-04-13,-0.9130230656767546
2020-04-14,2.9492821665461966
2020-04-15,-2.1247881371751154
2020-04-16,0.48241506958257574
2020-04-17,2.7015177353827857
2020-04-20,-1.7617685324817445
2020-04-21,-3.036365320907275
2020-04-22,2.2194914955203204
2020-04-23,-0.007153086005007303
2020-04-24,1.3938482618714998
2020-04-27,1.441846713226691
2020-04-28,-0.45987052668329254
2020-04-29,2.617860257343474
2020-04-30,-0.9310753351586709
2020-05-01,-2.6473027693044826
2020-05-04,0.2758101674881219
2020-05-05,0.9239060635567897
2020-05-06,-0.6778749644843263
2020-05-07,1.2066657690266602
2020-05-08,1.6546642369485998
2020-05-11,0.020514332351884157
2020-05-12,-1.9931721205827868
2020-05-13,-1.7685712804110465
2020-05-14,1.196704978626606
2020-05-15,0.45971854104396304
2020-05-18,3.045927321947839
2020-05-19,-1.027062680194435
2020-05-20,1.6987966644342878
2020-05-21,-0.6904080018152459
2020-05-22,0.1898828120351137
2020-05-26,1.2320896226552636
2020-05-27,1.487899964166317
2020-05-28,-0.18450423988889408
2020-05-29,0.4456175657553185
2020-06-01,0.40412660414197443
2020-06-02,0.8280256847571055
2020-06-03,1.3308312297687808
2020-06-04,-0.2626344856345386
2020-06-05,2.562909984889905
2020-06-08,1.2087502620438118
2020-06-09,-0.7456625857080179
2020-06-10,-0.558006698433533
2020-06-11,-5.764891051591247
2020-06-12,1.1975619227865941
2020-06-15,0.9335519290301075
2020-06-16,1.9247851495655777
2020-06-17,-0.4153974876629607
2020-06-18,0.03851969226313923
2020-06-19,-0.5714987788564829
2020-06-22,0.6415131619349257
2020-06-23,0.4603830041065571
2020-06-24,-2.5508988209524297
2020-06-25,1.072070450963336
2020-06-26,-2.375150685754246
2020-06-29,1.4697701091338944
2020-06-30,1.2809257146235042
2020-07-01,0.7004944478046227
2020-07-02,0.5507097667811323
2020-07-06,1.5437361467934396
2020-07-07,-1.0313871180474665
2020-07-08,0.7648721671055903
2020-07-09,-0.5692918912133971
2020-07-10,1.0210216507589687
2020-07-13,-0.8658713183032019
2020-07-14,1.295891308207997
2020-07-15,0.9187354096180211
2020-07-16,-0.32934497864895995
2020-07-17,0.28988563127627653
2020-07-20,0.8081676396877846
2020-07-21,0.21277878111247706
2020-07-22,0.5691905062500391
2020-07-23,-1.193162949291704
2020-07-24,-0.6440352739446431
2020-07-27,0.7292002670912678
2020-07-28,-0.6342165261806532
2020-07-29,1.2298712879091456
2020-07-30,-0.3567834376241419
2020-07-31,0.7902371362613625
2020-08-03,0.6951926183169199
2020-08-04,0.3862664085274581
2020-08-05,0.6211131119562507
2020-08-06,0.6684146580761885
2020-08-07,0.07179670312931208
2020-08-10,0.29889232398363497
2020-08-11,-0.825430205028499
2020-08-12,1.3941995119707506
2020-08-13,-0.1807582703942101
2020-08-14,0.0029554610069038034
2020-08-17,0.31767331064675997
2020-08-18,0.2160248386130048
2020-08-19,-0.41638109577650795
2020-08-20,0.31139225287510897
2020-08-21,0.3547234057812432
2020-08-24,1.013305964355915
2020-08-25,0.3499622180762385
2020-08-26,1.0025068178356689
2020-08-27,0.21869870099988642
2020-08-28,0.6459203612823705
2020-08-31,-0.3622301643843251
2020-09-01,0.9418345494347502
2020-09-02,1.446397347090489
2020-09-03,-3.4414406411204634
2020-09-04,-0.8164684014798973
2020-09-08,-2.7322866558434855
2020-09-09,1.9747538494884198
2020-09-10,-1.7363508750825818
2020-09-11,0.05088267722257456
2020-09-14,1.3171259928374202
2020-09-15,0.5052289580456115
2020-09-16,-0.39686246571604133
2020-09-17,-0.8795337872605224
2020-09-18,-1.1512478583352581
2020-09-21,-1.1129631757108016
2020-09-22,1.0184501267000323
2020-09-23,-2.3190965990062207
2020-09-24,0.2665595340545446
2020-09-25,1.6166717478911519
2020-09-28,1.6609233819552482
2020-09-29,-0.5445794344044685
2020-09-30,0.7581914907908605
2020-10-01,0.6419686227321142
2020-10-02,-0.9494266764299542
2020-10-05,1.7733121798107154
2020-10-06,-1.4215851970301396
2020-10-07,1.7406719956711836
2020-10-08,0.8862433276185744
2020-10-09,0.8930125897708807
2020-10-12,1.6087795428979534
2020-10-13,-0.6526291529114658
2020-10-14,-0.6283352295226807
2020-10-15,-0.12359678535122098
2020-10-16,-0.0604198779981413
2020-10-19,-1.5203344340590341
2020-10-20,0.400545221483517
2020-10-21,-0.18926688935684277
2020-10-22,0.5485113920602025
2020-10-23,0.33954063550376556
2020-10-26,-1.848008318363703
2020-10-27,-0.34477257924231397
2020-10-28,-3.4178544341956663
2020-10-29,1.0163409975260107
2020-10-30,-1.0424713421120835
2020-11-02,1.1208381054189198
2020-11-03,1.7656163092062638
2020-11-04,2.2348995282030826
2020-11-05,1.9502655478221165
2020-11-06,-0.022825868805531613
2020-11-09,1.2565626463275414
2020-11-10,-0.1466483667185159
2020-11-11,0.7428595539559879
2020-11-12,-0.9701045816334242
2020-11-13,1.3844438229020595
2020-11-16,1.2482575608382174
2020-11-17,-0.5378387367585669
2020-11-18,-1.2034820488719955
2020-11-19,0.42100358755212675
2020-11-20,-0.6847520618497582
2020-11-23,0.5994407154185755
2020-11-24,1.6113422653651677
2020-11-25,-0.15414349798807958
2020-11-27,0.2784805198978946
2020-11-30,-0.4427281006675554
2020-12-01,1.0937603149005382
2020-12-02,0.21038982170729081
2020-12-03,-0.027282960824248637
2020-12-04,0.8617697936028623
2020-12-07,-0.20550360856347316
2020-12-08,0.29261174686499025
2020-12-09,-0.8968710093364307
2020-12-10,-0.03269303433421911
2020-12-11,-0.11726967127339005
2020-12-14,-0.4477146930477516
2020-12-15,1.3519486165890493
2020-12-16,0.15690554513594357
2020-12-17,0.5592139748680891
2020-12-18,-0.3992748507559263
2020-12-21,-0.35756364713502853
2020-12-22,-0.16854546199452924
2020-12-23,0.08985869733197926
2020-12-24,0.38904106859862786
2020-12-28,0.859083618742118
2020-12-29,-0.19075030973317864
2020-12-30,0.1426562651130503
2020-12-31,0.5080904436671085
2021-01-04,-1.3614107151273314
2021-01-05,0.6887397164194509
2021-01-06,0.5978448531637426
2021-01-07,1.4857779088993883
2021-01-08,0.569740990211165
2021-01-11,-0.6740931559303776
2021-01-12,0.021125012679745758
2021-01-13,0.269310760553898
2021-01-14,-0.350200058982153
2021-01-15,-0.7292600949639683
2021-01-19,0.7852005169871168
2021-01-20,1.383864418205727
2021-01-21,0.09117319790714618
2021-01-22,-0.3539464002630055
2021-01-25,0.39438703124221597
2021-01-26,-0.15610938832760768
2021-01-27,-2.444037723820569
2021-01-28,0.8600298100591042
2021-01-29,-2.0019556739868105
2021-02-01,1.66453190390361
2021-02-02,1.4140289776489512
2021-02-03,0.07862283906077128
2021-02-04,1.1365927559602529
2021-02-05,0.3935886713102077
2021-02-08,0.7221822068591788
2021-02-09,-0.06658027054042837
2021-02-10,-0.04357869007082238
2021-02-11,0.16151762198992614
2021-02-12,0.49397139024141
2021-02-16,-0.08658522654039214
2021-02-17,0.022942177130103047
2021-02-18,-0.4256118274164167
2021-02-19,-0.1765985279383986
2021-02-22,-0.7691678395909007
2021-02-23,0.12143397509083442
2021-02-24,1.1019321165742557
2021-02-25,-2.4095676737359017
2021-02-26,-0.5152731546277822
2021-03-01,2.4240217119623875
2021-03-02,-0.780319373146432
2021-03-03,-1.3245690124720655
2021-03-04,-1.23749746398647
2021-03-05,1.8396787865191389
2021-03-08,-0.4978723908313998
2021-03-09,1.4277443429361325
2021-03-10,0.6224533609618943
2021-03-11,1.0139360187960689
2021-03-12,0.13465580525691134
2021-03-15,0.5963463426507998
2021-03-16,-0.12611493827815456
2021-03-17,0.3409948097278681
2021-03-18,-1.4549786239502316
2021-03-19,-0.18501586142525284
2021-03-22,0.7985111726473093
2021-03-23,-0.787105774798269
2021-03-24,-0.5083448603233287
2021-03-25,0.5625720684309332
2021-03-26,1.6114895537728824
2021-03-29,-0.05050210797131749
2021-03-30,-0.2653091418775677
2021-03-31,0.4053293127307178
2021-04-01,1.0799158443921986
2021-04-05,1.4353036028636357
2021-04-06,-0.0590513091243805
2021-04-07,0.11572518562126266
2021-04-08,0.4746917869424827
2021-04-09,0.7270116776210811
2021-04-12,0.03645882496785546
2021-04-13,0.29636143080555843
2021-04-14,-0.34151576805214745
2021-04-15,1.074246066831619
2021-04-16,0.3342250703200822
2021-04-19,-0.4912841556662273
2021-04-20,-0.7321475323070703
2021-04-21,0.946199457609187
2021-04-22,-0.9133025534095784
2021-04-23,1.084241939992947
2021-04-26,0.20874876007286325
2021-04-27,-0.021551598013536122
2021-04-28,-0.028752064408366085
2021-04-29,0.6372865234182346
2021-04-30,-0.6570428023834674
2021-05-03,0.21566826552239515
2021-05-04,-0.6169538535597319
2021-05-05,0.031306150949128586
2021-05-06,0.7985703844639147
2021-05-07,0.7278064520041871
2021-05-10,-0.9902531711429852
2021-05-11,-0.8924687680372578
2021-05-12,-2.1245469426852237
2021-05-13,1.2012597340675724
2021-05-14,1.535532784271454
2021-05-17,-0.2544401678798214
2021-05-18,-0.8615848484156974
2021-05-19,-0.26216305003951
2021-05-20,1.0757887725759474
2021-05-21,-0.08186436378253559
2021-05-24,1.01941146009783
2021-05-25,-0.22185032092034707
2021-05-26,0.19845595161389618
2021-05-27,0.052486042211841166
2021-05-28,0.17887185761875646
2021-06-01,-0.08808154455030026
2021-06-02,0.15727960938503038
2021-06-03,-0.3711384322940159
2021-06-04,0.9145649688639956
2021-06-07,-0.0970013624913113
2021-06-08,0.021302361552022475
2021-06-09,-0.14920052133370332
2021-06-10,0.4648472321882924
2021-06-11,0.16524761565197554
2021-06-14,0.2239089029592689
2021-06-15,-0.18341027405568422
2021-06-16,-0.5583350420182986
2021-06-17,-0.03317159254908608
2021-06-18,-1.349042183524718
2021-06-21,1.431600479785966
2021-06-22,0.5345913502871058
2021-06-23,-0.120511070107443
2021-06-24,0.5915694948706252
2021-06-25,0.35521062299119777
2021-06-28,0.2015945144731024
2021-06-29,0.05382462972203239
2021-06-30,0.08414117339725635
2021-07-01,0.5536584486804275
2021-07-02,0.7643675550244033
2021-07-06,-0.18215188594673526
2021-07-07,0.3534076299347211
2021-07-08,-0.8148111378230127
2021-07-09,1.0674972890483136
2021-07-12,0.35818183621569855
2021-07-13,-0.34088966897869444
2021-07-14,0.14922528566654325
2021-07-15,-0.3415683644126477
2021-07-16,-0.7843470072845027
2021-07-19,-1.4768063706447676
2021-07-20,1.4330546683166911
2021-07-21,0.8096343877575629
2021-07-22,0.20939894520213276
2021-07-23,1.0288006604182165
2021-07-26,0.24548186678139405
2021-07-27,-0.45575167764030367
2021-07-28,-0.04101634416974198
2021-07-29,0.4147429590617868
2021-07-30,-0.4856175492765402
2021-08-02,-0.20983365072555493
2021-08-03,0.8135477884731124
2021-08-04,-0.49188478454805784
2021-08-05,0.6332885925704357
2021-08-06,0.16524973620035688
2021-08-09,-0.08135817356038633
2021-08-10,0.12439923412268517
2021-08-11,0.24848201240275092
2021-08-12,0.2996905973429165
2021-08-13,0.18198570631433597
2021-08-16,0.23545970581340114
2021-08-17,-0.6555105350815715
2021-08-18,-1.0944867439260708
2021-08-19,0.15480928240392267
2021-08-20,0.7957109392698669
2021-08-23,0.8796458853171041
2021-08-24,0.15875887191008076
2021-08-25,0.20983247985797426
2021-08-26,-0.5903176616619543
2021-08-27,0.89408987711741
2021-08-30,0.4397723144558219
2021-08-31,-0.14817297145736097
2021-09-01,0.05313975922107694
2021-09-02,0.30767021014355134
2021-09-03,-0.024266927023708362
2021-09-07,-0.3575401757779262
2021-09-08,-0.12184273467010787
2021-09-09,-0.4280214527907611
2021-09-10,-0.7884673716049506
2021-09-13,0.2559474682805485
2021-09-14,-0.5396579618295316
2021-09-15,0.8352714802323691
2021-09-16,-0.1585535714039632
2021-09-17,-0.9740919335170295
2021-09-20,-1.6674360844162073
2021-09-21,-0.09444030005774096
2021-09-22,0.9754815923794569
2021-09-23,1.2150015398157965
2021-09-24,0.1647348251465841
2021-09-27,-0.28611612565946354
2021-09-28,-2.0151717533941294
2021-09-29,0.16831297075827756
2021-09-30,-1.2222427569226313
2021-10-01,1.188426381064911
2021-10-04,-1.2896147207988262
2021-10-05,1.0405177270579102
2021-10-06,0.41559137056046414
2021-10-07,0.8645627107974674
2021-10-08,-0.18236697558368098
2021-10-11,-0.7239759115875821
2021-10-12,-0.24615623867905168
2021-10-13,0.3597672342952718
2021-10-14,1.6820732285157014
2021-10-15,0.761578569680954
2021-10-18,0.29604072219122646
2021-10-19,0.7714737726428611
2021-10-20,0.39279165209433753
2021-10-21,0.26081747378317033
2021-10-22,-0.10361734230402986
2021-10-25,0.5362723913640233
2021-10-26,0.09000947427004746
2021-10-27,-0.44303203358618815
2021-10-28,0.9649018202109838
2021-10-29,0.20290611226760902
2021-11-01,0.17201943598972314
2021-11-02,0.404309083280352
2021-11-03,0.6105330977853818
2021-11-04,0.4712490891028098
2021-11-05,0.3469512412021869
2021-11-08,0.08538758410490122
2021-11-09,-0.3305436834645903
2021-11-10,-0.8044671220977406
2021-11-11,0.03233238868753929
2021-11-12,0.7546928243063133
2021-11-15,0.03422772788235218
2021-11-16,0.395790654220618
2021-11-17,-0.24291426471763078
2021-11-18,0.339635575384567
2021-11-19,-0.17883720458984342
2021-11-22,-0.28149293723255253
2021-11-23,0.13257848924226323
2021-11-24,0.2669910666905029
2021-11-26,-2.230318443715784
2021-11-29,1.2266674341406159
2021-11-30,-1.9457746939187337
2021-12-01,-1.1107131308608853
2021-12-02,1.5316324872558074
2021-12-03,-0.8701303040143826
2021-12-06,1.1843310006109942
2021-12-07,2.068483273160382
2021-12-08,0.26479647072625845
2021-12-09,-0.6751509197993499
2021-12-10,0.9413213126861164
2021-12-13,-0.8858165499970538
2021-12-14,-0.6880033829429366
2021-12-15,1.5625030568813258
2021-12-16,-0.8818420048381959
2021-12-17,-1.064292167311609
2021-12-20,-1.063351760573239
2021-12-21,1.7758968830225097
2021-12-22,0.9998847623980511
2021-12-23,0.6222136745456686
2021-12-27,1.4152103023405083
2021-12-28,-0.0817205429180512
2021-12-29,0.12792090174629234
2021-12-30,-0.2764610098826892
2021-12-31,-0.2520157021467795
2022-01-03,0.5789914634114934
2022-01-04,-0.033497570480645056
2022-01-05,-1.9201958318842083
2022-01-06,-0.09394638533033461
2022-01-07,-0.3953609074768383
2022-01-10,-0.1244421629817194
2022-01-11,0.9108390428261615
2022-01-12,0.27035123820784435
2022-01-13,-1.3778450790914443
2022-01-14,0.04087919863435818
2022-01-18,-1.7709510707382803
2022-01-19,-1.0383402387338703
2022-01-20,-1.106839301907947
2022-01-21,-1.9630385754447977
2022-01-24,0.42466693872380556
2022-01-25,-1.2208844697196186
2022-01-26,-0.2508987854190847
2022-01-27,-0.4937915194948683
2022-01-28,2.48352880217102
2022-01-31,1.80112888652888
2022-02-01,0.67567989096875
2022-02-02,0.9714103413440922
2022-02-03,-2.350505986574891
2022-02-04,0.4702240781139011
2022-02-07,-0.3209265786080273
2022-02-08,0.8227886450622668
2022-02-09,1.4636104221957158
2022-02-10,-1.7965629045221032
2022-02-11,-1.9718717617026704
2022-02-14,-0.3269157296918457
2022-02-15,1.6126687780022797
2022-02-16,0.11207567078521663
2022-02-17,-2.1361199448491575
2022-02-18,-0.6475129961739268
2022-02-22,-1.073180009874175
2022-02-23,-1.7738620982715503
2022-02-24,1.504926248865135
2022-02-25,2.206381224897913
2022-02-28,-0.2558509270920273
2022-03-01,-1.5230092096541248
2022-03-02,1.83960923835349
2022-03-03,-0.49784904193235224
2022-03-04,-0.8124638056537736
2022-03-07,-2.9479245704450374
2022-03-08,-0.7581417569631155
2022-03-09,2.6810643898174336
2022-03-10,-0.4515716844384676
2022-03-11,-1.2714768919440234
2022-03-14,-0.7308352925599171
2022-03-15,2.19903838104627
2022-03-16,2.2174162600028247
2022-03-17,1.2510861009590313
2022-03-18,1.095290115720049
2022-03-21,-0.029245148141654465
2022-03-22,1.1701408997894847
2022-03-23,-1.287834884606498
2022-03-24,1.5074307670789544
2022-03-25,0.4883514451210491
2022-03-28,0.7113048714760373
2022-03-29,1.2370941293036841
2022-03-30,-0.61748654899072
2022-03-31,-1.539126782019018
2022-04-01,0.2834116184521118
2022-04-04,0.8566587022789118
2022-04-05,-1.2631427310519805
2022-04-06,-0.9999283346067922
2022-04-07,0.5038938925095549
2022-04-08,-0.2673931504209359
2022-04-11,-1.7092357555482995
2022-04-12,-0.3705127718667378
2022-04-13,1.1453622233806637
2022-04-14,-1.245186718153446
2022-04-18,0.041118599278799906
2022-04-19,1.6142605931422471
2022-04-20,-0.07414761141708581
2022-04-21,-1.4953493537247398
2022-04-22,-2.7439162053006227
2022-04-25,0.5797525733753472
2022-04-26,-2.896089635383403
2022-04-27,0.2811913162209967
2022-04-28,2.525937976391557
2022-04-29,-3.6955707025011053
2022-05-02,0.601952681101614
2022-05-03,0.45840460299522157
2022-05-04,3.0452963588745385
2022-05-05,-3.5542832975685723
2022-05-06,-0.5968947452075213
2022-05-09,-3.2017309257148296
2022-05-10,0.23105058468220196
2022-05-11,-1.588602786604787
2022-05-12,-0.1044019819425257
2022-05-13,2.3907701678169913
2022-05-16,-0.40573729410902093
2022-05-17,2.057040098330587
2022-05-18,-4.031165543793702
2022-05-19,-0.6124618139854765
2022-05-20,0.043652907687485865
2022-05-23,1.8710143139037738
2022-05-24,-0.7633917473212293
2022-05-25,0.883513595321328
2022-05-26,1.9981384205712605
2022-05-27,2.4549015027171883
2022-05-31,-0.561095991755467
2022-06-01,-0.8088469932727049
2022-06-02,1.904343337275738
2022-06-03,-1.641139921086887
2022-06-06,0.3044830678004873
2022-06-07,0.959210137954214
2022-06-08,-1.0872206452862687
2022-06-09,-2.3782849718506416
2022-06-10,-2.8995617164243925
2022-06-13,-3.7968331312936643
2022-06-14,-0.3013233940268423
2022-06-15,1.4256265230312648
2022-06-16,-3.309583572869357
2022-06-17,0.21556236786672844
2022-06-21,2.5173567421589604
2022-06-22,-0.18129938741230367
2022-06-23,0.9802594072219506
2022-06-24,3.1793862616075197
2022-06-27,-0.3819773171413354
2022-06-28,-2.043282265973312
2022-06-29,-0.08143786971993583
2022-06-30,-0.8124154540805284
2022-07-01,1.0576481168306673
2022-07-05,0.1888484019075598
2022-07-06,0.3377386726165055
2022-07-07,1.4977164920612074
2022-07-08,-0.08225216995565443
2022-07-11,-1.142385048580763
2022-07-12,-0.8848779378690996
2022-07-13,-0.52515211298233
2022-07-14,-0.24286675077256348
2022-07-15,1.910531165593654
2022-07-18,-0.8257180536592412
2022-07-19,2.7019297545886944
2022-07-20,0.6372979819523117
2022-07-21,1.0183350275433822
2022-07-22,-0.9278065066749552
2022-07-25,0.121485508062813
2022-07-26,-1.1831112390588872
2022-07-27,2.596648026019066
2022-07-28,1.2542450649684955
2022-07-29,1.4578702239983032
2022-08-01,-0.2961367822668648
2022-08-02,-0.6597305678541443
2022-08-03,1.5659363944286353
2022-08-04,-0.06754075316787178
2022-08-05,-0.16900079834069048
2022-08-08,-0.11612382348434869
2022-08-09,-0.3970774393281751
2022-08-10,2.100394261837102
2022-08-11,0.0
2022-08-12,1.692902521751538
2022-08-15,0.41206931120234547
2022-08-16,0.19587372592657637
2022-08-17,-0.7097916518544967
2022-08-18,0.29062999004261236
2022-08-19,-1.343778566212095
2022-08-22,-2.0822635310564386
2022-08-23,-0.24192192583054606
2022-08-24,0.3201088764704929
2022-08-25,1.41174791147054
2022-08-26,-3.3848928046666837
2022-08-29,-0.6612302115078572
2022-08-30,-1.0977735050352266
2022-08-31,-0.7609189798773563
2022-09-01,0.3137904339865383
2022-09-02,-1.054447501192568
2022-09-06,-0.3773020482799372
2022-09-07,1.796491151005264
2022-09-08,0.6536286578678441
2022-09-09,1.5535340159402278
2022-09-12,1.0747445082545992
2022-09-13,-4.348239079901594
2022-09-14,0.3815844602254037
2022-09-15,-1.135337660616531
2022-09-16,-0.7628830453132118
2022-09-19,0.7754810060135009
2022-09-20,-1.147839211563162
2022-09-21,-1.7443835453324952
2022-09-22,-0.8399832535759821
2022-09-23,-1.6754734425020734
2022-09-26,-0.9892705079125541
2022-09-27,-0.2552777090559011
2022-09-28,1.9676322709737404
2022-09-29,-2.0889009010249704
2022-09-30,-1.5463560445650448
2022-10-03,2.6401309439801235
2022-10-04,3.0986512447314984
2022-10-05,-0.23282113022203843
2022-10-06,-1.031566957041552
2022-10-07,-2.7893967986252766
2022-10-10,-0.7635386262423327
2022-10-11,-0.6332906344068356
2022-10-12,-0.3298429898156763
2022-10-13,2.639095286933091
2022-10-14,-2.278860619363954
2022-10-17,2.569692485885633
2022-10-18,1.1749716603512983
2022-10-19,-0.7086548808450277
2022-10-20,-0.8385413826797583
2022-10-21,2.4301445806414357
2022-10-24,1.22366034176018
2022-10-25,1.5968511485322523
2022-10-26,-0.7534131654662879
2022-10-27,-0.5339975430252331
2022-10-28,2.379072268662674
2022-10-31,-0.7223207067537429
2022-11-01,-0.43759774848274313
2022-11-02,-2.509627146512783
2022-11-03,-1.0296786835549354
2022-11-04,1.4393106465868888
2022-11-07,0.9565637127803894
2022-11-08,0.5395508628129875
2022-11-09,-2.060209459053297
2022-11-10,5.495407884128212
2022-11-11,0.9678466436387367
2022-11-14,-0.8506716106506884
2022-11-15,0.8529172057584189
2022-11-16,-0.7628840071199017
2022-11-17,-0.3059945362784755
2022-11-18,0.4540460954753911
2022-11-21,-0.3636019252299172
2022-11-22,1.3456941956354607
2022-11-23,0.630173504273035
2022-11-25,-0.02237318198082816
2022-11-28,-1.5957162613728038
2022-11-29,-0.17174624444049602
2022-11-30,3.1500580640803744
2022-12-01,-0.0735837763341074
2022-12-02,-0.11536561843087378
2022-12-05,-1.7989324349670266
2022-12-06,-1.4414821108928555
2022-12-07,-0.17011048759580927
2022-12-08,0.7833906134112611
2022-12-09,-0.7470373295709432
2022-12-12,1.4417413910845056
2022-12-13,0.7569840010175133
2022-12-14,-0.6393611894436546
2022-12-15,-2.446161255236423
2022-12-16,-1.1805916398755945
2022-12-19,-0.8480081136292394
2022-12-20,0.13684874458548268
2022-12-21,1.4952616399189989
2022-12-22,-1.4266267436948699
2022-12-23,0.5752238475655869
2022-12-27,-0.39434771862759677
2022-12-28,-1.2427811101066943
2022-12-29,1.8000193352891714
2022-12-30,-0.26339066046127124
2023-01-03,-0.42100055080227516
2023-01-04,0.7720074218753536
2023-01-05,-1.141326126600728
2023-01-06,2.293214732427029
2023-01-09,-0.05669160551935448
2023-01-10,0.7012792395447054
2023-01-11,1.2647712573534253
2023-01-12,0.3641003083868055
2023-01-13,0.38796389016695354
2023-01-17,-0.18321813354433836
2023-01-18,-1.5787852635747668
2023-01-19,-0.7279764420108803
2023-01-20,1.8628989681394037
2023-01-23,1.199858248655561
2023-01-24,-0.10732730755692588
2023-01-25,0.03747481912688144
2023-01-26,1.0990266699506979
2023-01-27,0.22977281168143904
2023-01-30,-1.2546710627277635
2023-01-31,1.4703264727555343
2023-02-01,1.062770660990986
2023-02-02,1.4557003796538348
2023-02-03,-1.0629000738495376
2023-02-06,-0.6111248968029948
2023-02-07,1.3078417129704478
2023-02-08,-1.0934731267761788
2023-02-09,-0.8669142953537268
2023-02-10,0.23335735040559413
2023-02-13,1.173920343559276
2023-02-14,-0.04603331055250681
2023-02-15,0.3247435438476831
2023-02-16,-1.3768946728681675
2023-02-17,-0.24982300186504602
2023-02-21,-2.0060917463174954
2023-02-22,-0.13778722044809344
2023-02-23,0.5319388336856523
2023-02-24,-1.0682561285447645
2023-02-27,0.34057986278610564
2023-02-28,-0.36957233536351053
2023-03-01,-0.38360978886359254
2023-03-02,0.7777340707954883
2023-03-03,1.6037888307064874
2023-03-06,0.069261400758025
2023-03-07,-1.5328529258660906
2023-03-08,0.16318844327376514
2023-03-09,-1.8449755751432595
2023-03-10,-1.4429469691367824
2023-03-13,-0.1425259631711251
2023-03-14,1.6529999328574574
2023-03-15,-0.625431457098391
2023-03-16,1.7545178819148521
2023-03-17,-1.1692666310062827
2023-03-20,0.9615624004294165
2023-03-21,1.3130572045089162
2023-03-22,-1.7046457739754883
2023-03-23,0.2703234605919702
2023-03-24,0.6562134877781567
2023-03-27,0.18697850582301
2023-03-28,-0.22445479635626597
2023-03-29,1.4534721737550216
2023-03-30,0.585527429365551
2023-03-31,1.4094635206363781
2023-04-03,0.381073484190364
2023-04-04,-0.5548255927648071
2023-04-05,-0.26182272948183094
2023-04-06,0.39007942961639674
2023-04-10,0.10264209882686615
2023-04-11,0.026854154684419207
2023-04-12,-0.40760579051092316
2023-04-13,1.3282862017805819
2023-04-14,-0.24427293367930147
2023-04-17,0.35882221415910465
2023-04-18,0.0652259352437845
2023-04-19,-0.016904777920923042
2023-04-20,-0.5457027379450086
2023-04-21,0.07768433866992552
2023-04-24,0.10433247548171654
2023-04-25,-1.5873923463385897
2023-04-26,-0.4235649299297317
2023-04-27,1.990811267284398
2023-04-28,0.8535062375502944
2023-05-01,-0.10097122164304251
2023-05-02,-1.1239007358277653
2023-05-03,-0.6864180177031609
2023-05-04,-0.7082925133827023
2023-05-05,1.851263904503031
2023-05-08,0.026649943450296476
2023-05-09,-0.43853797992078336
2023-05-10,0.4672374995555284
2023-05-11,-0.1744001614231827
2023-05-12,-0.13101712431340395
2023-05-15,0.34498873832338184
2023-05-16,-0.6682545948390128
2023-05-17,1.2139061731258005
2023-05-18,0.9632921938082406
2023-05-19,-0.14549307184110738
2023-05-22,0.04060793899940407
2023-05-23,-1.122272565696425
2023-05-24,-0.7244963853084374
2023-05-25,0.8660098185630627
2023-05-26,1.295054261364026
2023-05-30,0.03810823521899209
2023-05-31,-0.5545304315067612
2023-06-01,0.9501072586989512
2023-06-02,1.446117003848535
2023-06-05,-0.19162794025240348
2023-06-06,0.2177429112667939
2023-06-07,-0.3457844962668877
2023-06-08,0.6048610279552946
2023-06-09,0.17942840710010177
2023-06-12,0.9071882571228373
2023-06-13,0.6592957300520341
2023-06-14,0.11909405946401996
2023-06-15,1.2397584144368645
2023-06-16,-0.3406254334276215
2023-06-20,-0.5188113013360307
2023-06-21,-0.5123707307003844
2023-06-22,0.36096087676726896
2023-06-23,-0.7559953397250907
2023-06-26,-0.40857458942883396
2023-06-27,1.0963269508675433
2023-06-28,0.050438975125111085
2023-06-29,0.3941383384699959
2023-06-30,1.1800816424696103
2023-07-03,0.11505448810242846
2023-07-05,-0.14872585459145826
2023-07-06,-0.7830776665256889
2023-07-07,-0.25247202636751176
2023-07-10,0.25311106099217273
2023-07-11,0.6368633382280109
2023-07-12,0.8045952127361033
2023-07-13,0.7936800612981632
2023-07-14,-0.06228175801932245
2023-07-17,0.34722363463173256
2023-07-18,0.7430715717027025
2023-07-19,0.22235462103699088
2023-07-20,-0.6634311230061085
2023-07-21,0.0
2023-07-24,0.4467209005132977
2023-07-25,0.27300644523589046
2023-07-26,0.015365955697754785
2023-07-27,-0.6630003406138729
2023-07-28,0.979039103835988
2023-07-31,0.19040754496879586
2023-08-01,-0.2861594762114894
2023-08-02,-1.391085009308668
2023-08-03,-0.2865770980524984
2023-08-04,-0.4522845931969499
2023-08-07,0.8728542620685564
2023-08-08,-0.4348668969485825
2023-08-09,-0.6685290829460566
2023-08-10,0.03589579446625635
2023-08-11,-0.05830443550409736
2023-08-14,0.5519986769736196
2023-08-15,-1.1648710865496903
2023-08-16,-0.7338353773024164
2023-08-17,-0.7619729519849128
2023-08-18,0.048121228228814594
2023-08-21,0.6506270905756173
2023-08-22,-0.2708584921804147
2023-08-23,1.1137761206008623
2023-08-24,-1.3859066689179467
2023-08-25,0.7049746630460207
2023-08-28,0.6341371394882556
2023-08-29,1.4454710644251412
2023-08-30,0.41189149562688154
2023-08-31,-0.1463379974581902
2023-09-01,0.18650350222315648
2023-09-05,-0.43217652110471017
2023-09-06,-0.6722537597498524
2023-09-07,-0.30701017270866604
2023-09-08,0.15060267632474034
2023-09-11,0.6576607383512734
2023-09-12,-0.548552145126191
2023-09-13,0.1165879451936247
2023-09-14,0.8622414933880052
2023-09-15,-1.2048226489278613
2023-09-18,0.058644791873652125
2023-09-19,-0.20739071662191355
2023-09-20,-0.9193320228928714
2023-09-21,-1.6528318650521845
2023-09-22,-0.22486249608142383
2023-09-25,0.4205229742936467
2023-09-26,-1.4691320492103088
2023-09-27,0.03992309698246377
2023-09-28,0.5797335572163442
2023-09-29,-0.24270101766926677
2023-10-02,-0.03975163892878664
2023-10-03,-1.3386022506523432
2023-10-04,0.7281922348852277
2023-10-05,-0.03767914507379899
2023-10-06,1.1872664830176127
2023-10-09,0.6402346291606298
2023-10-10,0.5204926361840778
2023-10-11,0.40961354788426885
2023-10-12,-0.609632619975975
2023-10-13,-0.49809725458588305
2023-10-16,1.0521543831155222
2023-10-17,-0.004601373441559531
2023-10-18,-1.3324937660762926
2023-10-19,-0.8786494774798759
2023-10-20,-1.2288038062324036
2023-10-23,-0.17330876535470718
2023-10-24,0.7539264732381756
2023-10-25,-1.4352146644224573
2023-10-26,-1.1974705602927127
2023-10-27,-0.4532751941199953
2023-10-30,1.1955825161883427
2023-10-31,0.62802879873749
2023-11-01,1.0664628072578841
2023-11-02,1.9164513846456677
2023-11-03,0.9123333269431599
2023-11-06,0.23003920352853147
2023-11-07,0.2846063302495594
2023-11-08,0.07325643539533022
2023-11-09,-0.7798892622594367
2023-11-10,1.5604805353370388
2023-11-13,-0.09530594355200428
2023-11-14,1.9400643211954005
2023-11-15,0.21169503459899097
2023-11-16,0.12232599966190971
2023-11-17,0.12437333871908596
2023-11-20,0.7697681675456813
2023-11-21,-0.2179515581027358
2023-11-22,0.38607906966401373
2023-11-24,0.061538941390826274
2023-11-27,-0.18008965863720583
2023-11-28,0.09900900490733555
2023-11-29,-0.07033722388619656
2023-11-30,0.39373333616050665
2023-12-01,0.5915894148898593
2023-12-04,-0.5249364654802302
2023-12-05,-0.019704602839842877
2023-12-06,-0.40297871834187315
2023-12-07,0.7630412781345353
2023-12-08,0.42991332252331205
2023-12-11,0.3889643534969567
2023-12-12,0.45672642670853136
2023-12-13,1.379003050100791
2023-12-14,0.320935068824757
2023-12-15,-0.1646406224493191
2023-12-18,0.5624936367236932
2023-12-19,0.6080870710451824
2023-12-20,-1.3857245953125208
2023-12-21,0.9482044441031068
2023-12-22,0.20097571031341133
2023-12-26,0.4222463075731042
2023-12-27,0.18080103405042625
2023-12-28,0.03776843975982214
2023-12-29,-0.28949026608005024
